bin,n,raw_mean,final_mean,actual_rate
0,25351,0.44109517789738073,0.4482443129373099,0.43726085755985955
1,25351,0.4705858345708755,0.46191324197359407,0.461441363259832
2,25350,0.4800676110116474,0.46756771423911436,0.45723865877712033
3,25351,0.486840397871579,0.4753079432465051,0.4713029071831486
4,25351,0.4942961984969727,0.48299533069094186,0.47863989586209615
5,25350,0.5026099028364326,0.4898301236435302,0.4775542406311637
6,25351,0.5120574884336953,0.49777353173275596,0.4946550431935624
7,25353,0.5226859529175664,0.507558568154452,0.507356131424289
8,25348,0.5365990939650397,0.519138402337835,0.5243017200568092
9,25351,0.5716515230895028,0.542153648279635,0.5512997514890932
