season,game_month,n_rows,delta_brier
2021,4,41889,0.0
2021,5,41581,0.0
2021,6,43100,0.0
2021,7,12742,0.0
2021,8,27325,0.0
2021,9,42805,0.0
2021,10,37646,0.0
2022,4,41395,0.0
2022,5,44865,0.0
2022,6,39951,0.0
2022,7,33468,0.0
2022,8,36914,0.0
2022,9,41603,0.0
2022,10,9276,0.0
2023,4,41288,0.0
2023,5,39576,0.0
2023,6,42446,0.0
2023,7,28611,0.0
2023,8,38825,0.0
2023,9,37141,0.0
2023,10,17638,0.0
2024,3,12361,-4.762334856800443e-06
2024,4,42588,-0.00012637892131242556
2024,5,44078,-0.00012799566016627462
2024,6,44514,-0.0002149114088404458
2024,7,33070,-0.00021581354808278275
2024,8,41920,-0.0001325033599723635
2024,9,33305,2.561542465004396e-05
2024,10,1671,0.00046949028405590676
