season,segment_type,segment_value,n_rows,success_rate,effect_vs_season
2019,game_type,F,25786,0.6892499806096332,0.12457997517606378
2019,game_type,R,211627,0.5494903769367803,-0.01517962849678911
2020,game_type,F,23213,0.5877740921035627,0.0550623950447271
2020,game_type,R,220874,0.5269248530836586,-0.005786843975177036
2021,game_type,F,25861,0.7038397587100267,0.17107815150935324
2021,game_type,R,221227,0.5127629086865527,-0.019998698514120727
2022,game_type,F,30448,0.7087493431424067,0.1798288996174826
2022,game_type,R,217024,0.5036908360365674,-0.025229607488356676
2023,game_type,F,25686,0.47290352721326795,-0.027053707284237394
2023,game_type,R,219839,0.5031181910398064,0.00316095654230103
2024,game_type,F,30010,0.45928023992002664,-0.026824680259692257
2024,game_type,R,223497,0.4897067969592433,0.0036018767795243933
2019,count_state,0-0,62587,0.5713327048748142,0.006662699441244868
2019,count_state,0-1,29921,0.5663580762675045,0.0016880708339350736
2019,count_state,0-2,14380,0.5348400556328233,-0.029829949800746047
2019,count_state,1-0,24834,0.5798099379882419,0.015139932554672497
2019,count_state,1-1,24217,0.5725729859189825,0.007902980485413158
2019,count_state,1-2,22389,0.547724328911519,-0.016945676522050368
2019,count_state,2-0,8360,0.562799043062201,-0.001870962371368412
2019,count_state,2-1,12662,0.575264571157795,0.010594565724225569
2019,count_state,2-2,18831,0.554723594073602,-0.009946411359967322
2019,count_state,3-0,2670,0.5445692883895131,-0.02010071704405625
2019,count_state,3-1,5467,0.56173404060728,-0.002935964826289328
2019,count_state,3-2,11095,0.5567372690401081,-0.00793273639346126
2020,count_state,0-0,62840,0.5327021005728835,-9.596485952112488e-06
2020,count_state,0-1,29599,0.5427548227980675,0.01004312573923194
2020,count_state,0-2,14324,0.5320441217537001,-0.0006675753051355038
2020,count_state,1-0,25913,0.5347123065642727,0.002000609505437123
2020,count_state,1-1,25107,0.5374198430716534,0.004708146012817771
2020,count_state,1-2,23065,0.540082375894212,0.007370678835376454
2020,count_state,2-0,9067,0.529723171942208,-0.002988525116627616
2020,count_state,2-1,13595,0.5315189407870541,-0.0011927562717815032
2020,count_state,2-2,19783,0.5303037961886469,-0.0024079008701887172
2020,count_state,3-0,3073,0.5050439310120404,-0.027667766046795217
2020,count_state,3-1,5954,0.5107490762512596,-0.02196262080757594
2020,count_state,3-2,11767,0.5054814311209315,-0.02723026593790412
2021,count_state,0-0,63030,0.536379501824528,0.003617894623854534
2021,count_state,0-1,29365,0.5441512004086497,0.011389593207976278
2021,count_state,0-2,14301,0.5316411439759458,-0.0011204632247276969
2021,count_state,1-0,26709,0.5327417724362574,-1.983476441602683e-05
2021,count_state,1-1,25149,0.5352896735456678,0.002528066344994362
2021,count_state,1-2,22549,0.5301343740298905,-0.00262723317078295
2021,count_state,2-0,9894,0.5322417626844552,-0.0005198445162182264
2021,count_state,2-1,14052,0.5282522060916596,-0.0045094011090138775
2021,count_state,2-2,19828,0.5296550332862618,-0.0031065739144116034
2021,count_state,3-0,3436,0.5212456344586729,-0.011515972742000558
2021,count_state,3-1,6572,0.509281801582471,-0.0234798056182024
2021,count_state,3-2,12203,0.5142178152913218,-0.018543791909351626
2022,count_state,0-0,64084,0.5315991511141627,0.0026787075892386047
2022,count_state,0-1,31161,0.5402265652578544,0.01130612173293033
2022,count_state,0-2,15595,0.5218339211285669,-0.007086522396357209
2022,count_state,1-0,25393,0.5280195329421494,-0.0009009105827746389
2022,count_state,1-1,25225,0.5361744301288405,0.007253986603916407
2022,count_state,1-2,23740,0.5291491154170177,0.0002286718920936348
2022,count_state,2-0,8700,0.5264367816091954,-0.0024836619157286854
2022,count_state,2-1,13114,0.5273753240811346,-0.0015451194437894333
2022,count_state,2-2,20240,0.5267786561264822,-0.002141787398441841
2022,count_state,3-0,2809,0.5062299750800997,-0.022690468444824363
2022,count_state,3-1,5605,0.5095450490633363,-0.019375394461587758
2022,count_state,3-2,11806,0.5016940538709131,-0.02722638965401092
2023,count_state,0-0,63138,0.5028508980328804,0.0028936635353750684
2023,count_state,0-1,30327,0.5120519668941867,0.012094732396681407
2023,count_state,0-2,14526,0.5017898939832025,0.0018326594856971634
2023,count_state,1-0,25591,0.49658082919776486,-0.0033764052997404814
2023,count_state,1-1,25293,0.5050804570434507,0.005123222545945383
2023,count_state,1-2,23456,0.504305934515689,0.004348700018183604
2023,count_state,2-0,8774,0.49213585593799863,-0.007821378559506709
2023,count_state,2-1,13479,0.49692113658283255,-0.0030360979146727973
2023,count_state,2-2,20380,0.49730127576054955,-0.002655958736955788
2023,count_state,3-0,2858,0.48775367389783064,-0.012203560599674701
2023,count_state,3-1,5807,0.4802824177716549,-0.01967481672585042
2023,count_state,3-2,11896,0.4656186953597848,-0.03433853913772056
2024,count_state,0-0,65317,0.4862899398318967,0.00018501965217782024
2024,count_state,0-1,31402,0.5010508884784408,0.014945968298721912
2024,count_state,0-2,16155,0.49229340761374185,0.006188487434022949
2024,count_state,1-0,26438,0.4799152734700053,-0.006189646709713614
2024,count_state,1-1,25313,0.4862323707186031,0.00012745053888418845
2024,count_state,1-2,24399,0.497807287183901,0.01170236700418209
2024,count_state,2-0,9392,0.47327512776831343,-0.012829792411405472
2024,count_state,2-1,13446,0.47411869701026327,-0.011986223169455634
2024,count_state,2-2,20640,0.49064922480620154,0.0045443046264826426
2024,count_state,3-0,3214,0.4819539514623522,-0.004150968717366699
2024,count_state,3-1,6020,0.4591362126245847,-0.026968707555134197
2024,count_state,3-2,11771,0.45697052077138733,-0.02913439940833157
2019,count_pressure,batter_ahead,45856,0.5754535938590369,0.01078358842546756
2019,count_pressure,even,86804,0.5716787244827427,0.007008719049173329
2019,count_pressure,pitcher_ahead,29921,0.5663580762675045,0.0016880708339350736
2019,count_pressure,three_ball,19232,0.5564683860232945,-0.008201619410274863
2019,count_pressure,two_strike,55600,0.5467625899280576,-0.01790741550551178
2020,count_pressure,batter_ahead,48575,0.5328872876994338,0.00017559064059824436
2020,count_pressure,even,87947,0.5340489158243032,0.0013372187654676626
2020,count_pressure,pitcher_ahead,29599,0.5427548227980675,0.01004312573923194
2020,count_pressure,three_ball,20794,0.5069250745407329,-0.02578662251810271
2020,count_pressure,two_strike,57172,0.5346848107465193,0.001973113687683714
2021,count_pressure,batter_ahead,50655,0.5313986773270161,-0.0013629298736573814
2021,count_pressure,even,88179,0.5360686784835391,0.00330707128286567
2021,count_pressure,pitcher_ahead,29365,0.5441512004086497,0.011389593207976278
2021,count_pressure,three_ball,22211,0.5138444914681914,-0.018917115732482004
2021,count_pressure,two_strike,56678,0.5303468718021102,-0.0024147353985632947
2022,count_pressure,batter_ahead,47207,0.5275488804626433,-0.0013715630622808117
2022,count_pressure,even,89309,0.532891421917164,0.003970978392239921
2022,count_pressure,pitcher_ahead,31161,0.5402265652578544,0.01130612173293033
2022,count_pressure,three_ball,20220,0.5045004945598417,-0.024419948965082372
2022,count_pressure,two_strike,59575,0.5264288711707931,-0.0024915723541309998
2023,count_pressure,batter_ahead,47844,0.4958615500376223,-0.004095684459883064
2023,count_pressure,even,88431,0.5034885956282299,0.003531361130724553
2023,count_pressure,pitcher_ahead,30327,0.5120519668941867,0.012094732396681407
2023,count_pressure,three_ball,20561,0.47283692427411117,-0.027120310223394173
2023,count_pressure,two_strike,58362,0.5012336794489565,0.0012764449514511278
2024,count_pressure,batter_ahead,49276,0.4770679438266093,-0.009036976353109627
2024,count_pressure,even,90630,0.4862738607525102,0.0001689405727913207
2024,count_pressure,pitcher_ahead,31402,0.5010508884784408,0.014945968298721912
2024,count_pressure,three_ball,21005,0.4614139490597477,-0.024690971119971206
2024,count_pressure,two_strike,61194,0.49393731411576297,0.007832393936044069
2019,score_state,ahead,88845,0.5680229613371602,0.0033529559035908596
2019,score_state,behind,85185,0.5560720784175618,-0.00859792701600759
2019,score_state,tied,63383,0.571525487906852,0.006855482473282604
2020,score_state,ahead,94757,0.5326888778665428,-2.281919229274454e-05
2020,score_state,behind,91883,0.5258970647453827,-0.006814632313452917
2020,score_state,tied,57447,0.5436489285776455,0.010937231518809876
2021,score_state,ahead,94091,0.5355453762846606,0.002783769083987142
2021,score_state,behind,90607,0.5271336651693578,-0.005627942031315669
2021,score_state,tied,62390,0.5367366565154672,0.003975049314793755
2022,score_state,ahead,93015,0.529323227436435,0.00040278391151093995
2022,score_state,behind,88350,0.5295755517826826,0.0006551082577584966
2022,score_state,tied,66107,0.5274781793153523,-0.0014422642095717197
2023,score_state,ahead,91858,0.4992161814975288,-0.0007410529999765658
2023,score_state,behind,87339,0.49507093051214235,-0.004886303985362994
2023,score_state,tied,66328,0.5074176818236642,0.007460447326158859
2024,score_state,ahead,97629,0.48580852000942343,-0.0002964001702954744
2024,score_state,behind,94341,0.480512184522106,-0.005592735657612924
2024,score_state,tied,61537,0.49514925979492014,0.009044339615201236
2019,inning_bucket,early,81144,0.5709602681652372,0.006290262731667773
2019,inning_bucket,extra,2993,0.5325760106916138,-0.03209399474195562
2019,inning_bucket,late,73801,0.5561442256879988,-0.00852577974557056
2019,inning_bucket,middle,79475,0.5673733878578169,0.0027033824242475024
2020,inning_bucket,early,82446,0.542682483079834,0.009970786020998434
2020,inning_bucket,extra,3237,0.5208526413345691,-0.011859055724266487
2020,inning_bucket,late,76452,0.5221969340239627,-0.010514763034872865
2020,inning_bucket,middle,81952,0.532958317063647,0.00024662000481145974
2021,inning_bucket,early,84346,0.5389585753918383,0.006196968191164887
2021,inning_bucket,extra,1569,0.5079668578712556,-0.02479474932941783
2021,inning_bucket,late,77794,0.5228552330513921,-0.009906374149281305
2021,inning_bucket,middle,83379,0.5362021612156538,0.003440554014980335
2022,inning_bucket,early,83348,0.534217977635936,0.00529753411101197
2022,inning_bucket,extra,3906,0.4792626728110599,-0.04965777071386418
2022,inning_bucket,late,77667,0.5225642808399964,-0.006356162684927669
2022,inning_bucket,middle,82551,0.5319014911993798,0.002981047674455728
2023,inning_bucket,early,82222,0.5058986645909854,0.005941430093480082
2023,inning_bucket,extra,4399,0.5121618549670379,0.012204620469532579
2023,inning_bucket,late,76378,0.49464505485872895,-0.005312179638776393
2023,inning_bucket,middle,82526,0.49830356493711075,-0.0016536695603945883
2024,inning_bucket,early,85260,0.49460473844710295,0.008499818267384052
2024,inning_bucket,extra,3848,0.4862266112266112,0.0001216910468923027
2024,inning_bucket,late,79348,0.47794525381862174,-0.008159666361097162
2024,inning_bucket,middle,85051,0.4851912381982575,-0.0009136819814614117
2019,li_bucket,high,38811,0.566591945582438,0.001921940148868595
2019,li_bucket,low,111611,0.5616650688552204,-0.0030049365783489934
2019,li_bucket,medium,79277,0.568285883673701,0.0036158782401316536
2019,li_bucket,very_high,7714,0.5613170858179932,-0.0033529196155761554
2020,li_bucket,high,37751,0.5348732483907711,0.0021615513319355184
2020,li_bucket,low,120537,0.5291072450782747,-0.0036044519805609188
2020,li_bucket,medium,78042,0.5382486353501961,0.0055369382913604825
2020,li_bucket,very_high,7757,0.522495810235916,-0.010215886822919629
2021,li_bucket,high,40356,0.5379869164436515,0.005225309242978038
2021,li_bucket,low,117286,0.5285541326330508,-0.004207474567622604
2021,li_bucket,medium,81118,0.5369091940136591,0.00414758681298566
2021,li_bucket,very_high,8328,0.5262968299711815,-0.006464777229491903
2022,li_bucket,high,41345,0.5297617607933245,0.0008413172684004211
2022,li_bucket,low,114001,0.5248024140139121,-0.0041180295110119225
2022,li_bucket,medium,83270,0.5347904407349585,0.00586999721003445
2022,li_bucket,very_high,8856,0.5228093947606143,-0.00611104876430979
2023,li_bucket,high,41934,0.5012638908761387,0.0013066563786333085
2023,li_bucket,low,111562,0.49595740485111417,-0.003999829646391173
2023,li_bucket,medium,82927,0.5049621956660677,0.005004961168562361
2023,li_bucket,very_high,9102,0.497363216875412,-0.0025940176220933253
2024,li_bucket,high,39726,0.48789206061521423,0.0017871404354953269
2024,li_bucket,low,124103,0.48060884910114987,-0.005496071078569031
2024,li_bucket,medium,81088,0.493796862667719,0.007691942488000092
2024,li_bucket,very_high,8590,0.48463329452852155,-0.0014716256511973502
2019,runner_pressure,empty,127634,0.5663694626823573,0.00169945724878795
2019,runner_pressure,first_only,46380,0.561233290211298,-0.0034367152222714026
2019,runner_pressure,loaded,7166,0.557772816075914,-0.0068971893576553756
2019,runner_pressure,scoring_position,56233,0.5645261679085235,-0.00014383752504587566
2020,runner_pressure,empty,128872,0.5334828356819169,0.0007711386230813133
2020,runner_pressure,first_only,48735,0.5309531137785986,-0.001758583280237036
2020,runner_pressure,loaded,7763,0.5218343423934046,-0.010877354665430938
2020,runner_pressure,scoring_position,58717,0.5339169235485464,0.0012052264897107756
2021,runner_pressure,empty,128567,0.5307582816741465,-0.0020033255265269334
2021,runner_pressure,first_only,49657,0.5353122419799827,0.00255063477930928
2021,runner_pressure,loaded,9299,0.5298419184858587,-0.002919688714814739
2021,runner_pressure,scoring_position,59565,0.535415092755813,0.0026534855551395564
2022,runner_pressure,empty,131972,0.5251947382778165,-0.0037257052471075802
2022,runner_pressure,first_only,49178,0.5336125909959738,0.004692147471049735
2022,runner_pressure,loaded,7791,0.5286869464767039,-0.00023349704822017703
2022,runner_pressure,scoring_position,58531,0.5334096461704054,0.0044892026454813605
2023,runner_pressure,empty,128570,0.4993155479505328,-0.000641686546972553
2023,runner_pressure,first_only,48976,0.5039202874877491,0.003963052990243743
2023,runner_pressure,loaded,7981,0.4867811051246711,-0.013176129372834244
2023,runner_pressure,scoring_position,59998,0.49984999499983335,-0.00010723949767199592
2024,runner_pressure,empty,131633,0.48431624288742187,-0.0017886772922970362
2024,runner_pressure,first_only,50798,0.48958620418126697,0.0034812840015480684
2024,runner_pressure,loaded,8408,0.4764509990485252,-0.009653921131193677
2024,runner_pressure,scoring_position,62668,0.4883353545669241,0.0022304343872052157
2019,platoon,1-1,26278,0.5196361975797245,-0.04503380785384492
2019,platoon,1-2,37707,0.5764977325165088,0.011827727082939443
2019,platoon,2-1,75425,0.5641763341067285,-0.000493671326840861
2019,platoon,2-2,98003,0.572574308949726,0.007904303516156674
2020,platoon,1-1,23630,0.5174354633939907,-0.015276233664844874
2020,platoon,1-2,30461,0.553625947933423,0.020914250874587426
2020,platoon,2-1,89330,0.537367065935296,0.004655368876460453
2020,platoon,2-2,100666,0.5258379194564202,-0.006873777602415365
2021,platoon,1-1,27477,0.5077337409469739,-0.02502786625369957
2021,platoon,1-2,32639,0.5517632280400747,0.019001620839401268
2021,platoon,2-1,90550,0.5378244064053009,0.005062799204627488
2021,platoon,2-2,96422,0.5287071415237187,-0.004054465676954777
2022,platoon,1-1,30719,0.4951984114066213,-0.03372203211830277
2022,platoon,1-2,31497,0.5358605581483951,0.006940114623470994
2022,platoon,2-1,94115,0.535398183073899,0.0064777395489749034
2022,platoon,2-2,91141,0.5311989115765682,0.0022784680516441114
2023,platoon,1-1,31695,0.46433191355103326,-0.03562532094647208
2023,platoon,1-2,37418,0.5077770057191726,0.007819771221667271
2023,platoon,2-1,86767,0.5154839973722729,0.015526762874767563
2023,platoon,2-2,89645,0.49426069496346703,-0.005696539534038314
2024,platoon,1-1,30493,0.453841865346145,-0.03226305483357389
2024,platoon,1-2,41337,0.5069550281829838,0.020850108003264867
2024,platoon,2-1,89268,0.49815163328404355,0.012046713104324647
2024,platoon,2-2,92409,0.47578699044465367,-0.010317929735065234
2019,game_type_regime,F-pre2023,25786,0.6892499806096332,0.12457997517606378
2019,game_type_regime,R-pre2023,211627,0.5494903769367803,-0.01517962849678911
2020,game_type_regime,F-pre2023,23213,0.5877740921035627,0.0550623950447271
2020,game_type_regime,R-pre2023,220874,0.5269248530836586,-0.005786843975177036
2021,game_type_regime,F-pre2023,25861,0.7038397587100267,0.17107815150935324
2021,game_type_regime,R-pre2023,221227,0.5127629086865527,-0.019998698514120727
2022,game_type_regime,F-pre2023,30448,0.7087493431424067,0.1798288996174826
2022,game_type_regime,R-pre2023,217024,0.5036908360365674,-0.025229607488356676
2023,game_type_regime,F-2023,25686,0.47290352721326795,-0.027053707284237394
2023,game_type_regime,R-2023,219839,0.5031181910398064,0.00316095654230103
2024,game_type_regime,F-2024plus,30010,0.45928023992002664,-0.026824680259692257
2024,game_type_regime,R-2024plus,223497,0.4897067969592433,0.0036018767795243933
