experiment_id,outer_validation_season,segment_type,segment_value,n_rows,brier,prediction_mean,target_rate
W0_incumbent,2020,pitcher_sample_bucket,0,110,0.2360242651504909,0.5854895823855915,0.6090909090909091
W0_incumbent,2020,pitcher_sample_bucket,1-29,3209,0.250902350662064,0.5816418115175085,0.5282019320660641
W0_incumbent,2020,pitcher_sample_bucket,100-299,20276,0.24923730278128944,0.5680927556120213,0.5254981258630894
W0_incumbent,2020,pitcher_sample_bucket,30-99,7407,0.25024871336489335,0.575183722943092,0.5300391521533684
W0_incumbent,2020,pitcher_sample_bucket,300+,213085,0.24741906884987033,0.554284243922877,0.5335194875284511
W0_incumbent,2020,batter_sample_bucket,0,95,0.22871696056474308,0.5977366809260186,0.6421052631578947
W0_incumbent,2020,batter_sample_bucket,1-29,2659,0.2422255528830658,0.5948038924159824,0.5738999623918767
W0_incumbent,2020,batter_sample_bucket,100-299,18439,0.24649050003662143,0.5813516409886115,0.5485113075546396
W0_incumbent,2020,batter_sample_bucket,30-99,6190,0.24726503900066893,0.5918435005330346,0.5520193861066236
W0_incumbent,2020,batter_sample_bucket,300+,216704,0.2478870421932396,0.552819340579992,0.5302624778499705
W0_incumbent,2020,game_type,F,23213,0.24365367056536888,0.6304170010404141,0.5877740921035627
W0_incumbent,2020,game_type,R,220874,0.2481215340627191,0.5486644659263019,0.5269248530836586
W0_incumbent,2020,count_state,0-0,62840,0.24759694697376344,0.5585636593977281,0.5327021005728835
W0_incumbent,2020,count_state,0-1,29599,0.24631555235902625,0.5573937450865772,0.5427548227980675
W0_incumbent,2020,count_state,0-2,14324,0.24816399029448163,0.5534793397727372,0.5320441217537001
W0_incumbent,2020,count_state,1-0,25913,0.2476013754411912,0.5580503440990935,0.5347123065642727
W0_incumbent,2020,count_state,1-1,25107,0.24740237351126115,0.5569902006359327,0.5374198430716534
W0_incumbent,2020,count_state,1-2,23065,0.2472760808923041,0.5538822539438182,0.540082375894212
W0_incumbent,2020,count_state,2-0,9067,0.24823300055268163,0.5561446880274691,0.529723171942208
W0_incumbent,2020,count_state,2-1,13595,0.24733470392140064,0.5563124702322004,0.5315189407870541
W0_incumbent,2020,count_state,2-2,19783,0.2478951986867769,0.5534832994629685,0.5303037961886469
W0_incumbent,2020,count_state,3-0,3073,0.2519459878182902,0.5543520902108664,0.5050439310120404
W0_incumbent,2020,count_state,3-1,5954,0.25025606329094563,0.5547565552967039,0.5107490762512596
W0_incumbent,2020,count_state,3-2,11767,0.25006231818983843,0.5533242929190951,0.5054814311209315
W0_incumbent,2020,inning,1,28777,0.24576097749046,0.5581414281521758,0.5456788407408695
W0_incumbent,2020,inning,2,26524,0.24653718224454035,0.5593999862531694,0.5417357864575478
W0_incumbent,2020,inning,3,27145,0.247292242166616,0.5587317476844661,0.5404310186037944
W0_incumbent,2020,inning,4,27003,0.24746020513773653,0.5582239524295278,0.5334592452690442
W0_incumbent,2020,inning,5,27584,0.24801153235000878,0.5584849222428389,0.5345127610208816
W0_incumbent,2020,inning,6,27365,0.247997182705103,0.5571420308317782,0.5308971313721907
W0_incumbent,2020,inning,7,27977,0.24865829478418291,0.5540631474216131,0.5238588840833542
W0_incumbent,2020,inning,8,27527,0.24916116280370748,0.5515131777828186,0.5191630035964689
W0_incumbent,2020,inning,9,20948,0.24855215153225288,0.5533003296431163,0.5239641015848768
W0_incumbent,2020,inning,10,1952,0.24808375973864624,0.5429987540509844,0.5235655737704918
W0_incumbent,2020,inning,11,839,0.24660298473494088,0.541941186061362,0.5268176400476758
W0_incumbent,2020,inning,12,446,0.2520209352377998,0.5399194686465253,0.4977578475336323
W0_incumbent,2020,base_state,123,7763,0.2495550861196811,0.5535772718336124,0.5218343423934046
W0_incumbent,2020,base_state,12_,20904,0.2475261014446634,0.554978712010879,0.5376482969766552
W0_incumbent,2020,base_state,1_3,8447,0.24834733673143217,0.5555380530094951,0.5315496626021072
W0_incumbent,2020,base_state,1__,48735,0.24805215459533492,0.5567134591769813,0.5309531137785986
W0_incumbent,2020,base_state,_23,5167,0.24709481692415286,0.5565113961451911,0.5320301916005419
W0_incumbent,2020,base_state,_2_,18454,0.24891428207964658,0.5562219853205387,0.527040208084968
W0_incumbent,2020,base_state,__3,5745,0.24673792613213547,0.5612245196286619,0.5476066144473455
W0_incumbent,2020,base_state,___,128872,0.2473277549623543,0.556618812480771,0.5334828356819169
W0_incumbent,2020,pitcher_hand,1,54091,0.24538227633705587,0.5593593320527772,0.5378159028304154
W0_incumbent,2020,pitcher_hand,2,189996,0.24835552148495352,0.5556079047037324,0.5312585528116381
W0_incumbent,2020,batter_hand,1,112960,0.2476547032304173,0.550833153237819,0.5331975920679887
W0_incumbent,2020,batter_hand,2,131127,0.24773275597317862,0.5612686334806191,0.5322931204099842
W0_incumbent,2021,pitcher_sample_bucket,0,95,0.24734476511888107,0.5221443889135616,0.5157894736842106
W0_incumbent,2021,pitcher_sample_bucket,1-29,2723,0.24423975094353287,0.5129322108582723,0.5699596033786265
W0_incumbent,2021,pitcher_sample_bucket,100-299,15953,0.2448065167738083,0.5009421883561656,0.542155080549113
W0_incumbent,2021,pitcher_sample_bucket,30-99,5858,0.24403895737047845,0.5079107927793043,0.5493342437692045
W0_incumbent,2021,pitcher_sample_bucket,300+,222459,0.24720787383369208,0.49923472042422834,0.5312035026679074
W0_incumbent,2021,batter_sample_bucket,0,88,0.23577740891326798,0.5346230291157451,0.6477272727272727
W0_incumbent,2021,batter_sample_bucket,1-29,2348,0.23562227118076057,0.5439235736908279,0.6286201022146508
W0_incumbent,2021,batter_sample_bucket,100-299,11188,0.24141833982541314,0.5229759050457582,0.5793707543796925
W0_incumbent,2021,batter_sample_bucket,30-99,4821,0.23471111450007856,0.5401870156979625,0.6251814976146027
W0_incumbent,2021,batter_sample_bucket,300+,228643,0.2475940107519376,0.4972510487834496,0.5275035754429395
W0_incumbent,2021,game_type,F,25861,0.22831321930692358,0.5611761980838337,0.7038397587100267
W0_incumbent,2021,game_type,R,221227,0.24912307001201164,0.49252518586912225,0.5127629086865527
W0_incumbent,2021,count_state,0-0,63030,0.24667853112807353,0.5008923908274316,0.536379501824528
W0_incumbent,2021,count_state,0-1,29365,0.24782038340943383,0.500891588595671,0.5441512004086497
W0_incumbent,2021,count_state,0-2,14301,0.2483861188871686,0.4984169627933373,0.5316411439759458
W0_incumbent,2021,count_state,1-0,26709,0.24628701099517564,0.5009375651238602,0.5327417724362574
W0_incumbent,2021,count_state,1-1,25149,0.24682380641656584,0.500291500212734,0.5352896735456678
W0_incumbent,2021,count_state,1-2,22549,0.24751911158526627,0.49996944801377036,0.5301343740298905
W0_incumbent,2021,count_state,2-0,9894,0.24629686818290233,0.4989856321557872,0.5322417626844552
W0_incumbent,2021,count_state,2-1,14052,0.2464464844744775,0.4987318508495284,0.5282522060916596
W0_incumbent,2021,count_state,2-2,19828,0.24706752438562352,0.4980580104768621,0.5296550332862618
W0_incumbent,2021,count_state,3-0,3436,0.2458034520543868,0.4972428806218125,0.5212456344586729
W0_incumbent,2021,count_state,3-1,6572,0.24572582338337184,0.49614319568052934,0.509281801582471
W0_incumbent,2021,count_state,3-2,12203,0.24703444406717273,0.49493206275383667,0.5142178152913218
W0_incumbent,2021,inning,1,29210,0.2471212632510385,0.5027311302882262,0.5415611092091749
W0_incumbent,2021,inning,2,27282,0.24724425093160066,0.5026418603796977,0.538266989223664
W0_incumbent,2021,inning,3,27854,0.24724558712908629,0.5026525510679779,0.5369067279385367
W0_incumbent,2021,inning,4,27780,0.24668240000598274,0.5014662915241025,0.5382289416846652
W0_incumbent,2021,inning,5,27669,0.24684260059875873,0.5009587974292964,0.5358343272254147
W0_incumbent,2021,inning,6,27930,0.24735689835239205,0.49830521681406387,0.5345506623702112
W0_incumbent,2021,inning,7,28627,0.24663669977219033,0.49512835996766197,0.5203479232892025
W0_incumbent,2021,inning,8,28172,0.24669982999319784,0.4954628520116066,0.5226465994604572
W0_incumbent,2021,inning,9,20995,0.24644372363180758,0.4978108609842187,0.5265539414146225
W0_incumbent,2021,inning,10,898,0.24896664489864112,0.4935211004635463,0.5022271714922049
W0_incumbent,2021,inning,11,492,0.2490950197299741,0.5059562869584148,0.5101626016260162
W0_incumbent,2021,inning,12,179,0.24880943091049554,0.49393016319897326,0.5307262569832403
W0_incumbent,2021,base_state,123,9299,0.24665708500849007,0.4974245886220111,0.5298419184858587
W0_incumbent,2021,base_state,12_,21942,0.24612542046622657,0.499755608089462,0.5305806216388661
W0_incumbent,2021,base_state,1_3,8233,0.24724999154787253,0.4984351643582553,0.5360136037896271
W0_incumbent,2021,base_state,1__,49657,0.24671534831299474,0.500105249545524,0.5353122419799827
W0_incumbent,2021,base_state,_23,5349,0.24706714265949642,0.4986884975561203,0.5372966909702748
W0_incumbent,2021,base_state,_2_,18717,0.2462181312063189,0.4996673107005155,0.5341668002350805
W0_incumbent,2021,base_state,__3,5324,0.2460894771815333,0.501948571063902,0.5569120961682945
W0_incumbent,2021,base_state,___,128567,0.24731112065070315,0.499753304079758,0.5307582816741465
W0_incumbent,2021,pitcher_hand,1,60116,0.24532514912787062,0.5001188940298575,0.531638831592255
W0_incumbent,2021,pitcher_hand,2,186972,0.24746588210573028,0.49957907878942,0.5331226065935006
W0_incumbent,2021,batter_hand,1,118027,0.24699843236193794,0.49812402000694656,0.5308192193311699
W0_incumbent,2021,batter_hand,2,129061,0.2468962242479232,0.5011611814843716,0.5345379316757193
W0_incumbent,2022,pitcher_sample_bucket,0,88,0.24490508729878943,0.5674872909547207,0.5454545454545454
W0_incumbent,2022,pitcher_sample_bucket,1-29,2404,0.2392871839684616,0.558444320816013,0.559900166389351
W0_incumbent,2022,pitcher_sample_bucket,100-299,12747,0.23614897907029514,0.5418917416490041,0.5662508825606025
W0_incumbent,2022,pitcher_sample_bucket,30-99,5106,0.23634998677422928,0.5500286590302499,0.5644339992166079
W0_incumbent,2022,pitcher_sample_bucket,300+,227127,0.24484664601943118,0.5077162917671888,0.5256926741426603
W0_incumbent,2022,batter_sample_bucket,0,88,0.21802657380003831,0.594450585746646,0.6590909090909091
W0_incumbent,2022,batter_sample_bucket,1-29,2396,0.21770995664231724,0.5933854917575584,0.6431552587646077
W0_incumbent,2022,batter_sample_bucket,100-299,12176,0.2327773106824988,0.5568476061177839,0.5891097240473062
W0_incumbent,2022,batter_sample_bucket,30-99,5102,0.22833556025318427,0.5829817437182172,0.6174049392395139
W0_incumbent,2022,batter_sample_bucket,300+,227710,0.2454217747098715,0.5058883887160116,0.5224671731588424
W0_incumbent,2022,game_type,F,30448,0.21057728218299798,0.6450861494763184,0.7087493431424067
W0_incumbent,2022,game_type,R,217024,0.2488822397023747,0.4920325609776125,0.5036908360365674
W0_incumbent,2022,count_state,0-0,64084,0.24411636415210106,0.5123291846621608,0.5315991511141627
W0_incumbent,2022,count_state,0-1,31161,0.24439251613682336,0.5127150275176285,0.5402265652578544
W0_incumbent,2022,count_state,0-2,15595,0.24584604176411332,0.5099952359639426,0.5218339211285669
W0_incumbent,2022,count_state,1-0,25393,0.24355290436194013,0.5113583285800707,0.5280195329421494
W0_incumbent,2022,count_state,1-1,25225,0.24395814822729686,0.5114296994653893,0.5361744301288405
W0_incumbent,2022,count_state,1-2,23740,0.2458938412747363,0.5094080539546683,0.5291491154170177
W0_incumbent,2022,count_state,2-0,8700,0.24201343467057693,0.5101314877634249,0.5264367816091954
W0_incumbent,2022,count_state,2-1,13114,0.24275518797524073,0.5109124312679606,0.5273753240811346
W0_incumbent,2022,count_state,2-2,20240,0.24413835693322444,0.5095208429090223,0.5267786561264822
W0_incumbent,2022,count_state,3-0,2809,0.24406354797404817,0.5076838685006408,0.5062299750800997
W0_incumbent,2022,count_state,3-1,5605,0.24187356244578906,0.5070921820464029,0.5095450490633363
W0_incumbent,2022,count_state,3-2,11806,0.24429031118972167,0.505157965733274,0.5016940538709131
W0_incumbent,2022,inning,1,28784,0.2447574899238186,0.5136801537582716,0.5334560867148416
W0_incumbent,2022,inning,2,27405,0.24458139290177275,0.513933058247256,0.5367633643495713
W0_incumbent,2022,inning,3,27159,0.2441855282755938,0.5125303603445459,0.5324570124084097
W0_incumbent,2022,inning,4,26951,0.24398982860107227,0.512952614201728,0.5320767318466847
W0_incumbent,2022,inning,5,27135,0.24407513812721146,0.5135399655156165,0.5299428782015847
W0_incumbent,2022,inning,6,28465,0.2441361440373877,0.5108298110779794,0.5336026699455472
W0_incumbent,2022,inning,7,28291,0.2436625023427844,0.5084664915786927,0.5287900745820225
W0_incumbent,2022,inning,8,28132,0.24328648868358782,0.5064162917955036,0.5219323190672543
W0_incumbent,2022,inning,9,21244,0.24420405152707844,0.5076847701661495,0.5151101487478817
W0_incumbent,2022,inning,10,2275,0.2474367732612679,0.49325850602215715,0.4808791208791209
W0_incumbent,2022,inning,11,1128,0.25079365834087963,0.4884427987425762,0.4849290780141844
W0_incumbent,2022,inning,12,503,0.25055395351843723,0.485818325310737,0.4592445328031809
W0_incumbent,2022,base_state,123,7791,0.24273326605923143,0.5177090022612444,0.5286869464767039
W0_incumbent,2022,base_state,12_,20472,0.2435904190504311,0.5121315764845102,0.5308714341539664
W0_incumbent,2022,base_state,1_3,8071,0.24340695960491626,0.5128291460779154,0.5389666707966795
W0_incumbent,2022,base_state,1__,49178,0.24406688771894455,0.5111669306426101,0.5336125909959738
W0_incumbent,2022,base_state,_23,5375,0.24430708457188538,0.5116332711404394,0.5382325581395349
W0_incumbent,2022,base_state,_2_,18519,0.24453012313928943,0.5113444160066279,0.5323181597278471
W0_incumbent,2022,base_state,__3,6094,0.24431562289358058,0.5105812992662847,0.5336396455530029
W0_incumbent,2022,base_state,___,131972,0.24436574448588178,0.5099439218863059,0.5251947382778165
W0_incumbent,2022,pitcher_hand,1,62216,0.24419475546456662,0.504967116719705,0.5157837212292657
W0_incumbent,2022,pitcher_hand,2,185256,0.24416081190942587,0.512843975142652,0.5333322537461674
W0_incumbent,2022,batter_hand,1,124834,0.24417186763064413,0.5082048708083783,0.5255058717977474
W0_incumbent,2022,batter_hand,2,122638,0.2441667782683365,0.5135701067398947,0.5323961577977462
W0_incumbent,2023,pitcher_sample_bucket,0,63,0.2710801577861387,0.5843940904546364,0.42857142857142855
W0_incumbent,2023,pitcher_sample_bucket,1-29,1839,0.2613195498330821,0.5725585017346245,0.4855899945622621
W0_incumbent,2023,pitcher_sample_bucket,100-299,10996,0.25748040616192047,0.541307496021655,0.46971626045834847
W0_incumbent,2023,pitcher_sample_bucket,30-99,4060,0.2586174981666037,0.5485002065542126,0.45541871921182264
W0_incumbent,2023,pitcher_sample_bucket,300+,228567,0.25061204815980875,0.5228778010283335,0.5023384828081044
W0_incumbent,2023,batter_sample_bucket,0,71,0.2542902825614499,0.5885047998029802,0.5070422535211268
W0_incumbent,2023,batter_sample_bucket,1-29,1825,0.2650282213122612,0.5915884937035011,0.4663013698630137
W0_incumbent,2023,batter_sample_bucket,100-299,9471,0.2594000195579511,0.5603491756390442,0.480097138633724
W0_incumbent,2023,batter_sample_bucket,30-99,4164,0.26147594951602415,0.5793758500247922,0.48054755043227665
W0_incumbent,2023,batter_sample_bucket,300+,229994,0.2504988640989097,0.5214939059328522,0.501391340643669
W0_incumbent,2023,game_type,F,25686,0.27058505095080737,0.6196728606153761,0.47290352721326795
W0_incumbent,2023,game_type,R,219839,0.24886522720635107,0.5133965002894362,0.5031181910398064
W0_incumbent,2023,count_state,0-0,63138,0.2510605910288749,0.5254969151063031,0.5028508980328804
W0_incumbent,2023,count_state,0-1,30327,0.2505792811682325,0.5258079636499448,0.5120519668941867
W0_incumbent,2023,count_state,0-2,14526,0.2518439578298071,0.5258568659237459,0.5017898939832025
W0_incumbent,2023,count_state,1-0,25591,0.2512671107487426,0.5245793113741893,0.49658082919776486
W0_incumbent,2023,count_state,1-1,25293,0.25108668863655936,0.5245825443639307,0.5050804570434507
W0_incumbent,2023,count_state,1-2,23456,0.2512093114007063,0.5248955823642052,0.504305934515689
W0_incumbent,2023,count_state,2-0,8774,0.2514986902018996,0.5235930753593471,0.49213585593799863
W0_incumbent,2023,count_state,2-1,13479,0.2502379800040346,0.5232279769138086,0.49692113658283255
W0_incumbent,2023,count_state,2-2,20380,0.2510310813242293,0.5233777312632568,0.49730127576054955
W0_incumbent,2023,count_state,3-0,2858,0.2540848524135214,0.5207148770338952,0.48775367389783064
W0_incumbent,2023,count_state,3-1,5807,0.2517335444684351,0.5200084791565508,0.4802824177716549
W0_incumbent,2023,count_state,3-2,11896,0.2517294704979301,0.5205311747470656,0.4656186953597848
W0_incumbent,2023,inning,1,27890,0.25073250842304584,0.5264441907003062,0.5081391179634277
W0_incumbent,2023,inning,2,27024,0.25123379533671325,0.5267242090786002,0.5066607460035524
W0_incumbent,2023,inning,3,27308,0.2507189558840978,0.5258112670601173,0.5028563058444412
W0_incumbent,2023,inning,4,27430,0.25092794315517847,0.5262411111449816,0.5001093693036821
W0_incumbent,2023,inning,5,27427,0.2516474474812888,0.5256598235180397,0.4941845626572356
W0_incumbent,2023,inning,6,27669,0.25124312356443096,0.5258733202487326,0.5005963352488344
W0_incumbent,2023,inning,7,27920,0.25076298706989314,0.522054348834084,0.49888968481375356
W0_incumbent,2023,inning,8,27857,0.2512521365612552,0.5212814302319198,0.4945615105718491
W0_incumbent,2023,inning,9,20601,0.25212583509938635,0.5210567497875076,0.4890053880879569
W0_incumbent,2023,inning,10,2557,0.25078065226147034,0.5192165209362251,0.5123191239734063
W0_incumbent,2023,inning,11,1078,0.2487146898729434,0.5137748673044688,0.5194805194805194
W0_incumbent,2023,inning,12,764,0.25033120662560954,0.5112407174993467,0.5013089005235603
W0_incumbent,2023,base_state,123,7981,0.25069784105702625,0.5237049635700433,0.4867811051246711
W0_incumbent,2023,base_state,12_,21501,0.2516916368904914,0.5235343847813361,0.4932793823543091
W0_incumbent,2023,base_state,1_3,7916,0.2512734415668446,0.526751903582201,0.5030318342597271
W0_incumbent,2023,base_state,1__,48976,0.2511070876416332,0.5249466123179698,0.5039202874877491
W0_incumbent,2023,base_state,_23,5226,0.2505166117795495,0.5246688407902446,0.49387676999617297
W0_incumbent,2023,base_state,_2_,19446,0.25107446512389264,0.5238601346124985,0.5021084027563509
W0_incumbent,2023,base_state,__3,5909,0.2515442464866008,0.5260211200448718,0.5173464207141648
W0_incumbent,2023,base_state,___,128570,0.2510913809290865,0.5244502800951132,0.4993155479505328
W0_incumbent,2023,pitcher_hand,1,69113,0.25094426633490147,0.5179264203994174,0.4878532258764632
W0_incumbent,2023,pitcher_hand,2,176412,0.251213178374121,0.5270958984186506,0.5046992268099676
W0_incumbent,2023,batter_hand,1,118462,0.2507508957661991,0.5215221648672385,0.501798044942682
W0_incumbent,2023,batter_hand,2,127063,0.2514979001619983,0.52730481438651,0.49824103004021625
W0_incumbent,2024,pitcher_sample_bucket,0,81,0.2519723060543974,0.5082057641766805,0.4074074074074074
W0_incumbent,2024,pitcher_sample_bucket,1-29,2318,0.24793298326937213,0.49166201682422184,0.4559965487489215
W0_incumbent,2024,pitcher_sample_bucket,100-299,12664,0.24856541649130703,0.4844059487502118,0.4701516108654454
W0_incumbent,2024,pitcher_sample_bucket,30-99,5516,0.24866860529041598,0.4877127913979531,0.4593908629441624
W0_incumbent,2024,pitcher_sample_bucket,300+,232928,0.2484543978934037,0.4895171653455674,0.48793189311718643
W0_incumbent,2024,batter_sample_bucket,0,88,0.2557266963000609,0.4925631296685106,0.5
W0_incumbent,2024,batter_sample_bucket,1-29,2402,0.24872239463102977,0.49209893638927615,0.48084929225645295
W0_incumbent,2024,batter_sample_bucket,100-299,9239,0.24869534999153523,0.4895589790584886,0.47353609698019267
W0_incumbent,2024,batter_sample_bucket,30-99,4220,0.24758790067748188,0.48917462045952814,0.4381516587677725
W0_incumbent,2024,batter_sample_bucket,300+,237558,0.24846201957055752,0.4892073207273782,0.4874935805150742
W0_incumbent,2024,game_type,F,30010,0.24893126161650722,0.49237315642236473,0.45928023992002664
W0_incumbent,2024,game_type,R,223497,0.2483978116244962,0.4888285470480489,0.4897067969592433
W0_incumbent,2024,count_state,0-0,65317,0.2484936640502696,0.4902025816595269,0.4862899398318967
W0_incumbent,2024,count_state,0-1,31402,0.24872028194686815,0.4924325054151893,0.5010508884784408
W0_incumbent,2024,count_state,0-2,16155,0.24935740199908255,0.49072348574265884,0.49229340761374185
W0_incumbent,2024,count_state,1-0,26438,0.24824450833535436,0.48857568512959304,0.4799152734700053
W0_incumbent,2024,count_state,1-1,25313,0.24808093723538957,0.49045207279645475,0.4862323707186031
W0_incumbent,2024,count_state,1-2,24399,0.24886035713630447,0.4909548779642579,0.497807287183901
W0_incumbent,2024,count_state,2-0,9392,0.24852815225785388,0.486153597068657,0.47327512776831343
W0_incumbent,2024,count_state,2-1,13446,0.24786030025392414,0.487411178222091,0.47411869701026327
W0_incumbent,2024,count_state,2-2,20640,0.24864468045355348,0.4889119608333124,0.49064922480620154
W0_incumbent,2024,count_state,3-0,3214,0.24772843636838504,0.48007484594106836,0.4819539514623522
W0_incumbent,2024,count_state,3-1,6020,0.24730545242910598,0.48068796421583887,0.4591362126245847
W0_incumbent,2024,count_state,3-2,11771,0.24793423946295384,0.48085558777316073,0.45697052077138733
W0_incumbent,2024,inning,1,29259,0.24870101986125429,0.4921719327939558,0.4957448990054342
W0_incumbent,2024,inning,2,28108,0.24799420271673817,0.49234454762687807,0.49316920449694035
W0_incumbent,2024,inning,3,27893,0.24838948472669925,0.4927626516636377,0.4948553400494748
W0_incumbent,2024,inning,4,28007,0.24851411726437922,0.49159292503756663,0.4912343342735745
W0_incumbent,2024,inning,5,28337,0.24847144164555174,0.4911728086607214,0.48494900659914597
W0_incumbent,2024,inning,6,28707,0.2481972646844285,0.4885280936660562,0.4795346082836939
W0_incumbent,2024,inning,7,29244,0.2486591497046245,0.483798270509104,0.47712351251538776
W0_incumbent,2024,inning,8,28994,0.24849332855332978,0.4818354881897254,0.4750638063047527
W0_incumbent,2024,inning,9,21110,0.2488792497570279,0.4895682116473013,0.483041212695405
W0_incumbent,2024,inning,10,2291,0.24772079110550893,0.4896339315170778,0.4818856394587516
W0_incumbent,2024,inning,11,980,0.24825775499166564,0.4822206725158222,0.4744897959183674
W0_incumbent,2024,inning,12,520,0.24909633269492018,0.4939677580658038,0.525
W0_incumbent,2024,inning,13,57,0.24624643918691208,0.505806555543869,0.5087719298245614
W0_incumbent,2024,base_state,123,8408,0.2475683036363021,0.48449921193861056,0.4764509990485252
W0_incumbent,2024,base_state,12_,21934,0.24818151756497225,0.4863102883652023,0.48080605452721803
W0_incumbent,2024,base_state,1_3,8472,0.2484199966141086,0.48832129245862826,0.4884324834749764
W0_incumbent,2024,base_state,1__,50798,0.24839857522471273,0.4892718938809512,0.48958620418126697
W0_incumbent,2024,base_state,_23,5567,0.24851046959530332,0.485358162729234,0.48661756781031074
W0_incumbent,2024,base_state,_2_,20024,0.24870581746681614,0.4889500610953465,0.49330803036356374
W0_incumbent,2024,base_state,__3,6671,0.24895079756116253,0.49045958202941914,0.4994753410283316
W0_incumbent,2024,base_state,___,131633,0.2485270888242651,0.4902399893854246,0.48431624288742187
W0_incumbent,2024,pitcher_hand,1,71830,0.24793314873922495,0.4846524987588273,0.48440762912432134
W0_incumbent,2024,pitcher_hand,2,181677,0.24866964333301897,0.4910651497877353,0.48677598154967333
W0_incumbent,2024,batter_hand,1,119761,0.24843726919226664,0.48796782460083965,0.4868696821168828
W0_incumbent,2024,batter_hand,2,133746,0.248482175691358,0.49039461039441784,0.48542012471401014
