experiment_id,outer_validation_season,method,fit_seasons,fit_rows,parameters,raw_brier,calibrated_brier,delta_brier
W1_calibration_intercept_2021,2021,intercept,2020,244087,"{""intercept"": -0.0963729630040464, ""method"": ""intercept""}",0.24694504619424518,0.24909808756565335,0.0021530413714081764
W1_calibration_platt_2021,2021,platt,2020,244087,"{""coefficient"": 1.0042741645171422, ""intercept"": -0.09728931958418703, ""method"": ""platt""}",0.24694504619424518,0.24911676391789805,0.0021717177236528773
W1_calibration_beta_0.0001_2021,2021,beta_0.0001,2020,244087,"{""coefficient_log_one_minus_p"": 0.921487647050821, ""coefficient_log_p"": 1.1110419163313194, ""intercept"": 0.03318073235070617, ""method"": ""beta"", ""regularization"": 0.0001}",0.24694504619424518,0.24914413354933046,0.002199087355085283
W1_calibration_beta_0.001_2021,2021,beta_0.001,2020,244087,"{""coefficient_log_one_minus_p"": 0.9671981372631112, ""coefficient_log_p"": 1.042526440712535, ""intercept"": -0.04429538035527028, ""method"": ""beta"", ""regularization"": 0.001}",0.24694504619424518,0.2491021292670275,0.002157083072782312
W1_calibration_beta_0.01_2021,2021,beta_0.01,2020,244087,"{""coefficient_log_one_minus_p"": 0.9640492645899185, ""coefficient_log_p"": 1.0299480863223947, ""intercept"": -0.04563950686924288, ""method"": ""beta"", ""regularization"": 0.01}",0.24694504619424518,0.24896910867350333,0.002024062479258154
W1_calibration_intercept_2022,2022,intercept,2020;2021,491175,"{""intercept"": 0.019596306337298527, ""method"": ""intercept""}",0.2441693455303068,0.24402218045482732,-0.00014716507547948843
W1_calibration_platt_2022,2022,platt,2020;2021,491175,"{""coefficient"": 0.8463573720925279, ""intercept"": 0.036629423197133304, ""method"": ""platt""}",0.2441693455303068,0.2443166815003489,0.00014733597004210064
W1_calibration_beta_0.0001_2022,2022,beta_0.0001,2020;2021,491175,"{""coefficient_log_one_minus_p"": 0.8560630066583506, ""coefficient_log_p"": 0.8487199913902935, ""intercept"": 0.030607979196721716, ""method"": ""beta"", ""regularization"": 0.0001}",0.2441693455303068,0.24430186122068176,0.00013251569037495137
W1_calibration_beta_0.001_2022,2022,beta_0.001,2020;2021,491175,"{""coefficient_log_one_minus_p"": 0.896955151178777, ""coefficient_log_p"": 0.8879556699960302, ""intercept"": 0.024889615342347998, ""method"": ""beta"", ""regularization"": 0.001}",0.2441693455303068,0.24421080782021404,4.146228990722922e-05
W1_calibration_beta_0.01_2022,2022,beta_0.01,2020;2021,491175,"{""coefficient_log_one_minus_p"": 0.9774615744471667, ""coefficient_log_p"": 0.9653141765769362, ""intercept"": 0.013173486060753371, ""method"": ""beta"", ""regularization"": 0.01}",0.2441693455303068,0.2440694732728024,-9.987225750440754e-05
W1_calibration_isotonic_2022,2022,isotonic,2020;2021,491175,"{""method"": ""isotonic"", ""x_thresholds"": [0.3815047615177676, 0.38539028452272495, 0.3854810859678972, 0.38850463231835897, 0.38851092223690814, 0.3902185420381489, 0.3908269130628398, 0.3926325240720314, 0.39268308809719743, 0.40519942917332447, 0.4052055089859329, 0.4163550906037058, 0.41636867781692727, 0.4176351676511363, 0.4176389076691229, 0.43689332646611667, 0.43689713044290496, 0.43892361608382957, 0.43892650450927495, 0.4390119796893508, 0.4390130334967089, 0.44227674703020237, 0.44227927665064076, 0.4611303073371158, 0.4611306113906649, 0.46976711268385546, 0.46976815055858157, 0.4701454742786668, 0.47014555666451485, 0.47314548319580896, 0.4731456036022802, 0.4738564075314541, 0.47385648272028685, 0.47386389915348615, 0.4738649009230227, 0.48194790171916635, 0.4819485567032906, 0.48267402633228274, 0.482674082002427, 0.48767354336361796, 0.48767375634634413, 0.49124356951671433, 0.49124441190427753, 0.49324383600288324, 0.4932440505313933, 0.4944676655229992, 0.4944680685040158, 0.49988792103898205, 0.4998879325092912, 0.4999542812366682, 0.49995453356394853, 0.5073461699452301, 0.5073463715875961, 0.5175441360398184, 0.5175441525922826, 0.5177521286188396, 0.5177523665349246, 0.5177961749703914, 0.5177962464871324, 0.5241999188663746, 0.5242005509309263, 0.5270166925375703, 0.5270167079776682, 0.5279150042585881, 0.5279150229211482, 0.5289824861560929, 0.5289828310225602, 0.5307698577866268, 0.5307699545914166, 0.5449868217568103, 0.5449869917303378, 0.5508263395548212, 0.5508265561303949, 0.5514298876326293, 0.5514299232669759, 0.551564878633946, 0.551565119076205, 0.5517112495525474, 0.5517116124993622, 0.5519908999719791, 0.5519911640020024, 0.555137736976945, 0.5551377903859965, 0.5588848256564585, 0.5588858357511358, 0.5592271931043284, 0.5592272372649374, 0.5644180371909984, 0.564418690640582, 0.5648885932809674, 0.5648886513782544, 0.5678261754311267, 0.5678264830069158, 0.5712830932564852, 0.5712838923024999, 0.5774188436994374, 0.5774194671001014, 0.5789301906695438, 0.5789303014429388, 0.5878463463157357, 0.5878466529976456, 0.5879044561022919, 0.5879049203455646, 0.5888665852648436, 0.5888666348332263, 0.6046750134322643, 0.6046751322612691, 0.6241089584539549, 0.624111632580036, 0.6374112594909392, 0.6374131724809012, 0.6374248576728778, 0.6374257922706065, 0.6421616566036195, 0.6421681254009445, 0.6480767002301367, 0.6480772035572742, 0.6548393224239036, 0.6548424999204625, 0.6751649877739566, 0.6751757400750471, 0.6779361348387711, 0.678002416347534, 0.6847628382923652, 0.6849959934404293, 0.6854111692355834, 0.6856819354574061, 0.693160728566191, 0.6931711252197997, 0.6932926745279255], ""y_thresholds"": [0.0, 0.0, 0.2, 0.2, 0.2727272727272727, 0.2727272727272727, 0.2857142857142857, 0.2857142857142857, 0.34459459459459457, 0.34459459459459457, 0.39889705882352944, 0.39889705882352944, 0.4274193548387097, 0.4274193548387097, 0.4445793581960104, 0.4445793581960104, 0.44625967325881344, 0.44625967325881344, 0.45161290322580644, 0.45161290322580644, 0.4592969472710453, 0.4592969472710453, 0.4716343989194057, 0.4716343989194057, 0.4733996664174383, 0.4733996664174383, 0.4775604142692751, 0.4775604142692751, 0.48056771455100145, 0.48056771455100145, 0.48056923918992883, 0.48056923918992883, 0.48148148148148145, 0.48148148148148145, 0.48945164194293317, 0.48945164194293317, 0.49272659455427065, 0.49272659455427065, 0.49375786823331946, 0.49375786823331946, 0.4971539636262671, 0.4971539636262671, 0.5029968268891761, 0.5029968268891761, 0.5031327131194225, 0.5031327131194225, 0.5070843624073831, 0.5070843624073831, 0.5119999999999999, 0.5119999999999999, 0.5121479554164762, 0.5121479554164762, 0.5144364564007418, 0.5144364564007418, 0.5171898355754859, 0.5171898355754859, 0.5209580838323356, 0.5209580838323356, 0.5282593699701084, 0.5282593699701084, 0.5329779450193373, 0.5329779450193373, 0.5330661322645291, 0.5330661322645291, 0.5366456217403239, 0.5366456217403239, 0.5379797655371767, 0.5379797655371767, 0.5423611759216053, 0.5423611759216053, 0.5479106628242071, 0.5479106628242071, 0.5534024335286166, 0.5534024335286166, 0.5553398058252427, 0.5553398058252427, 0.556985294117647, 0.556985294117647, 0.5578231292517006, 0.5578231292517006, 0.5611438028687015, 0.5611438028687015, 0.5625103768885937, 0.5625103768885937, 0.5646017699115045, 0.5646017699115045, 0.5676583829191459, 0.5676583829191459, 0.5779436152570481, 0.5779436152570481, 0.5783027121609796, 0.5783027121609796, 0.5798737068386406, 0.5798737068386406, 0.5852508334010896, 0.5852508334010896, 0.5866800535475233, 0.5866800535475233, 0.5877867073385347, 0.5877867073385347, 0.5904761904761904, 0.5904761904761904, 0.5914168136390356, 0.5914168136390356, 0.5928916892221675, 0.5928916892221675, 0.595266908699745, 0.595266908699745, 0.599230275817832, 0.599230275817832, 0.6, 0.6, 0.6027004909983636, 0.6027004909983636, 0.6170627191273859, 0.6170627191273859, 0.6220472440944883, 0.6220472440944883, 0.645169922397645, 0.645169922397645, 0.6532258064516129, 0.6532258064516129, 0.6868686868686867, 0.6868686868686867, 0.75, 0.75, 0.875, 0.875, 1.0, 1.0]}",0.2441693455303068,0.24484725181451375,0.0006779062842069417
W1_calibration_intercept_2023,2023,intercept,2020;2021;2022,738647,"{""intercept"": 0.037584060589466915, ""method"": ""intercept""}",0.2511374821404724,0.25166739662034676,0.0005299144798743827
W1_calibration_platt_2023,2023,platt,2020;2021;2022,738647,"{""coefficient"": 1.0155242315887998, ""intercept"": 0.03620532039059216, ""method"": ""platt""}",0.2511374821404724,0.2517007637836455,0.0005632816431730969
W1_calibration_beta_0.0001_2023,2023,beta_0.0001,2020;2021;2022,738647,"{""coefficient_log_one_minus_p"": 1.0595302787342815, ""coefficient_log_p"": 0.9631401454175862, ""intercept"": -0.030791120860166214, ""method"": ""beta"", ""regularization"": 0.0001}",0.2511374821404724,0.2517054968350942,0.0005680146946218101
W1_calibration_beta_0.001_2023,2023,beta_0.001,2020;2021;2022,738647,"{""coefficient_log_one_minus_p"": 1.0263424667525154, ""coefficient_log_p"": 0.9960197694233576, ""intercept"": 0.015214453671171553, ""method"": ""beta"", ""regularization"": 0.001}",0.2511374821404724,0.25169269515726816,0.0005552130167957858
W1_calibration_beta_0.01_2023,2023,beta_0.01,2020;2021;2022,738647,"{""coefficient_log_one_minus_p"": 1.0168727086299043, ""coefficient_log_p"": 0.9906223102340947, ""intercept"": 0.017512310713509987, ""method"": ""beta"", ""regularization"": 0.01}",0.2511374821404724,0.25165645983373724,0.000518977693264866
W1_calibration_isotonic_2023,2023,isotonic,2020;2021;2022,738647,"{""method"": ""isotonic"", ""x_thresholds"": [0.3815047615177676, 0.38539028452272495, 0.3854810859678972, 0.39372941199755707, 0.39391660959539654, 0.40218155562896457, 0.40218723708794357, 0.40418310171907657, 0.404224894576231, 0.40519942917332447, 0.4052055089859329, 0.41621571658995704, 0.41621595102545067, 0.4176351676511363, 0.4176389076691229, 0.4205255402094298, 0.4205270095763496, 0.4225135493401455, 0.42252109743959826, 0.42961299167712164, 0.4296132573653574, 0.4334318557711327, 0.43343338062571934, 0.4385656570981651, 0.4385656661489279, 0.43892361608382957, 0.4389253166479965, 0.442279273924211, 0.44227927665064076, 0.446191709384517, 0.4461923003275462, 0.44976997389077367, 0.4497704570076814, 0.46084051817105753, 0.4608409946031914, 0.4624380695466894, 0.462438167019816, 0.4664716725364878, 0.46647170965579554, 0.4693147232748357, 0.4693149636168802, 0.4714616706142024, 0.4714617308911175, 0.473996729601189, 0.4739967840364481, 0.47619781682881046, 0.4761979489245115, 0.4789338470664991, 0.4789340093853351, 0.4803588830304289, 0.48035905645836263, 0.48250594818611525, 0.4825060748372627, 0.48296096505824804, 0.4829613212238294, 0.4858599189356597, 0.48585992391358035, 0.4862317279918513, 0.48623177724388833, 0.48698123518699676, 0.48698133564993096, 0.48698158116134227, 0.48698169340743924, 0.4910458028300129, 0.4910460820592055, 0.4928875448009851, 0.4928875846319033, 0.4932394080941417, 0.49323983312036834, 0.4934354146988238, 0.4934354613578482, 0.49350369872933675, 0.4935039905897664, 0.4935310914290455, 0.4935314234226306, 0.4998334606842233, 0.4998335427156202, 0.5073431840203301, 0.5073434115291131, 0.5175441360398184, 0.5175441525922826, 0.5189231318945209, 0.5189236561082012, 0.5241965863901621, 0.52419659980104, 0.5243465319307163, 0.524346638609986, 0.5275430374213907, 0.5275430776940695, 0.5289824861560929, 0.5289828310225602, 0.5309889537746718, 0.5309890896049834, 0.5312987489944061, 0.5312987750572797, 0.5364106473847229, 0.536410993412441, 0.5449868759274326, 0.5449869917303378, 0.5452287838779638, 0.54522901674811, 0.5508263395548212, 0.5508265561303949, 0.5518375884458503, 0.551837818183269, 0.5554760627433626, 0.5554762365451349, 0.5573680894161477, 0.5573682461360322, 0.5588126595291403, 0.5588130143328237, 0.5604585027776505, 0.5604594182715321, 0.5644180371909984, 0.564418690640582, 0.5648885932809674, 0.5648886513782544, 0.5712830932564852, 0.5712838923024999, 0.5743483263437167, 0.5743486359191872, 0.5778707390945297, 0.5778717660552928, 0.5789301906695438, 0.5789303014429388, 0.5878463463157357, 0.5878466529976456, 0.5888665852648436, 0.5888666348332263, 0.6003489073268924, 0.6003491993130488, 0.6035549697954281, 0.6035565673548672, 0.6038914114634463, 0.6038914719015737, 0.6071834106718198, 0.6071843561754049, 0.6210805026227261, 0.6210817881016812, 0.6240556813272329, 0.6240569561445181, 0.624129293083121, 0.6241301614737051, 0.6373632578715253, 0.6373638659681472, 0.6421481529903965, 0.642148285253547, 0.6450286316350056, 0.6450293348232459, 0.6474611500494583, 0.6474616691101309, 0.6552200147957024, 0.6552200445956813, 0.659642373743251, 0.659644092211267, 0.6612253512106231, 0.6612257432272637, 0.6670895830128403, 0.667089925616869, 0.672004911123187, 0.6720067044523921, 0.679762168103877, 0.6797733074028256, 0.6803039273473215, 0.6803097150658785, 0.6857524735749464, 0.6857562285322348, 0.6880905317861399, 0.6880966679182449, 0.6883201415216071, 0.6883247288836869, 0.7044247533806598, 0.7044297114879984, 0.7058781860629388, 0.7059170531115129, 0.7128733950209364, 0.7130893103402692, 0.7345595197145163, 0.7351834331276967, 0.7364550267475015], ""y_thresholds"": [0.0, 0.0, 0.28169014084507044, 0.28169014084507044, 0.3527272727272727, 0.3527272727272727, 0.3577981651376147, 0.3577981651376147, 0.391304347826087, 0.391304347826087, 0.39715302491103205, 0.39715302491103205, 0.4013605442176871, 0.4013605442176871, 0.42506459948320413, 0.42506459948320413, 0.4265624999999999, 0.4265624999999999, 0.43011380215932304, 0.43011380215932304, 0.43145990404386564, 0.43145990404386564, 0.43809888846301265, 0.43809888846301265, 0.45145631067961156, 0.45145631067961156, 0.4518710284772888, 0.4518710284772888, 0.4591194968553459, 0.4591194968553459, 0.4607487922705314, 0.4607487922705314, 0.46496671918711213, 0.46496671918711213, 0.4673357985560838, 0.4673357985560838, 0.47176774511009967, 0.47176774511009967, 0.4744050807253807, 0.4744050807253807, 0.4755178008972034, 0.4755178008972034, 0.4809557055309906, 0.4809557055309906, 0.4822442579879651, 0.4822442579879651, 0.4873083529486609, 0.4873083529486609, 0.4877794509440519, 0.4877794509440519, 0.49024553074697724, 0.49024553074697724, 0.49407252440725247, 0.49407252440725247, 0.49558436192738736, 0.49558436192738736, 0.4986439364587371, 0.4986439364587371, 0.49881982690794613, 0.49881982690794613, 0.5, 0.5, 0.5015443183450659, 0.5015443183450659, 0.5055021161985384, 0.5055021161985384, 0.5058915946582874, 0.5058915946582874, 0.5062454077883909, 0.5062454077883909, 0.50625, 0.50625, 0.5077720207253886, 0.5077720207253886, 0.5122222950389935, 0.5122222950389935, 0.5147268215288224, 0.5147268215288224, 0.5213622406949749, 0.5213622406949749, 0.528173190984579, 0.528173190984579, 0.5292329556669698, 0.5292329556669698, 0.5328571428571428, 0.5328571428571428, 0.5344145834729574, 0.5344145834729574, 0.5359771668919937, 0.5359771668919937, 0.5404862579281183, 0.5404862579281183, 0.5436046511627908, 0.5436046511627908, 0.544716447287489, 0.544716447287489, 0.5452522787626496, 0.5452522787626496, 0.5483319076133447, 0.5483319076133447, 0.5498914973367527, 0.5498914973367527, 0.5609812543392733, 0.5609812543392733, 0.5634644793549284, 0.5634644793549284, 0.5636044983204321, 0.5636044983204321, 0.5641825985173625, 0.5641825985173625, 0.5666299559471366, 0.5666299559471366, 0.5667584308327602, 0.5667584308327602, 0.5778625954198473, 0.5778625954198473, 0.5803859579793191, 0.5803859579793191, 0.5844589467293977, 0.5844589467293977, 0.5853896556531443, 0.5853896556531443, 0.5898639136555608, 0.5898639136555608, 0.5899954317039744, 0.5899954317039744, 0.5943193997856377, 0.5943193997856377, 0.5983868348400365, 0.5983868348400365, 0.5997102848865283, 0.5997102848865283, 0.6, 0.6, 0.6129843985908403, 0.6129843985908403, 0.6133649724433559, 0.6133649724433559, 0.6174103877103144, 0.6174103877103144, 0.6329113924050633, 0.6329113924050633, 0.6373879235102756, 0.6373879235102756, 0.6539130434782608, 0.6539130434782608, 0.6676624346527259, 0.6676624346527259, 0.6719745222929936, 0.6719745222929936, 0.6731684110371076, 0.6731684110371076, 0.6801367733913584, 0.6801367733913584, 0.686734693877551, 0.686734693877551, 0.6908576814326106, 0.6908576814326106, 0.6999041227229148, 0.6999041227229148, 0.7018246550956831, 0.7018246550956831, 0.7037037037037037, 0.7037037037037037, 0.7194994786235662, 0.7194994786235662, 0.7297297297297297, 0.7297297297297297, 0.7352941176470589, 0.7352941176470589, 0.7526555386949926, 0.7526555386949926, 0.7638888888888888, 0.7638888888888888, 0.7661691542288557, 0.7661691542288557, 0.768595041322314, 0.768595041322314, 1.0, 1.0]}",0.2511374821404724,0.2516416182586572,0.0005041361181848392
W1_calibration_intercept_2024,2024,intercept,2020;2021;2022;2023,984172,"{""intercept"": 0.003348766066111653, ""method"": ""intercept""}",0.24846096110068522,0.24846691430347254,5.953202787317702e-06
W1_calibration_platt_2024,2024,platt,2020;2021;2022;2023,984172,"{""coefficient"": 0.893259231311957, ""intercept"": 0.012877670327470978, ""method"": ""platt""}",0.24846096110068522,0.24855918994790824,9.822884722301972e-05
W1_calibration_beta_0.0001_2024,2024,beta_0.0001,2020;2021;2022;2023,984172,"{""coefficient_log_one_minus_p"": 0.8957600987933269, ""coefficient_log_p"": 0.8996684240631379, ""intercept"": 0.015154055969522262, ""method"": ""beta"", ""regularization"": 0.0001}",0.24846096110068522,0.2485542503112791,9.328921059387207e-05
W1_calibration_beta_0.001_2024,2024,beta_0.001,2020;2021;2022;2023,984172,"{""coefficient_log_one_minus_p"": 0.9230009733316205, ""coefficient_log_p"": 0.9254270714521758, ""intercept"": 0.011688895875324299, ""method"": ""beta"", ""regularization"": 0.001}",0.24846096110068522,0.24852726020124608,6.629910056085708e-05
W1_calibration_beta_0.01_2024,2024,beta_0.01,2020;2021;2022;2023,984172,"{""coefficient_log_one_minus_p"": 0.9795560032258912, ""coefficient_log_p"": 0.9786563870416819, ""intercept"": 0.004218244698242508, ""method"": ""beta"", ""regularization"": 0.01}",0.24846096110068522,0.2484804457115814,1.948461089618103e-05
W1_calibration_isotonic_2024,2024,isotonic,2020;2021;2022;2023,984172,"{""method"": ""isotonic"", ""x_thresholds"": [0.3815047615177676, 0.38539028452272495, 0.3854810859678972, 0.39372941199755707, 0.39391660959539654, 0.40218155562896457, 0.40218723708794357, 0.40418310171907657, 0.404224894576231, 0.40519942917332447, 0.4052055089859329, 0.41621571658995704, 0.41621595102545067, 0.4176351676511363, 0.4176389076691229, 0.4205255402094298, 0.4205270095763496, 0.4225135493401455, 0.42252109743959826, 0.42961299167712164, 0.4296132573653574, 0.4334318557711327, 0.43343338062571934, 0.4385656570981651, 0.4385656661489279, 0.43892361608382957, 0.4389253166479965, 0.442279273924211, 0.44227927665064076, 0.44622821765187326, 0.44622988202303737, 0.44976997389077367, 0.4497704570076814, 0.46084051817105753, 0.4608409946031914, 0.46638865428139253, 0.4663887317251132, 0.470975171709438, 0.4709753201023258, 0.4714616706142024, 0.4714617308911175, 0.47379436173069484, 0.4737943956368681, 0.47619781682881046, 0.4761979489245115, 0.478935802473616, 0.4789364117723077, 0.4819481146087101, 0.481948355389219, 0.48287060966757106, 0.4828707393157292, 0.48532569521431623, 0.4853258078929403, 0.48638237188087086, 0.4863824006030858, 0.48698106359186377, 0.48698114389490504, 0.4896392891899851, 0.4896396776529705, 0.49352843434360305, 0.49352850030248235, 0.4935292875908874, 0.49352934406983695, 0.49897816605999534, 0.49897821323765346, 0.4997319310302039, 0.4997319848994729, 0.49995339376054004, 0.49995378962791626, 0.5002144253000546, 0.5002144458143531, 0.5015157830789654, 0.5015158059483174, 0.5020231196833326, 0.502023245654828, 0.5037789470960962, 0.5037790100398379, 0.507344634320417, 0.5073448063427115, 0.5124963971845634, 0.5124965528432048, 0.5175354132280604, 0.5175358276932007, 0.5188755488414079, 0.5188756567217345, 0.5241571782645688, 0.5241573267204674, 0.5243465319307163, 0.524346638609986, 0.5272897341858231, 0.5272897541457296, 0.531497344546849, 0.5314976652672374, 0.5321826816680911, 0.5321827438716906, 0.5341259299293653, 0.5341265323693639, 0.5366093727442846, 0.5366095288176012, 0.5420398796739405, 0.5420400620434384, 0.5449912635729528, 0.5449914534488308, 0.5452308568402219, 0.5452310980731789, 0.5457029037881127, 0.5457030891084808, 0.550816115995982, 0.5508161203202679, 0.5518384717330441, 0.5518386881875496, 0.5554760627433626, 0.5554762365451349, 0.5554992972570171, 0.5554996929066616, 0.5579892921017767, 0.5579894178762947, 0.5588126595291403, 0.5588130143328237, 0.5588853421357339, 0.5588858357511358, 0.5644219356880708, 0.5644220974317842, 0.5650150152717592, 0.5650151207052694, 0.6240563670345465, 0.6240569561445181, 0.6240859080109382, 0.6240861214807755, 0.6260954384730989, 0.6260959974206369, 0.6263240647166014, 0.626324511730272, 0.6281784592460514, 0.6281787652461073, 0.6282216207097747, 0.6282219114107841, 0.6373632578715253, 0.6373638659681472, 0.6373808040346005, 0.6373812614141078, 0.6405378718975016, 0.640538235583709, 0.6406294611671195, 0.6406295688389791, 0.6421518951361618, 0.6421519360112815, 0.6429225155108954, 0.6429226028792899, 0.6450262018445514, 0.6450263921378471, 0.6453915809571996, 0.6453920591616434, 0.6465794468412491, 0.6465797989831686, 0.6472049196878547, 0.6472054490562177, 0.6474611500494583, 0.6474616691101309, 0.6551932322882434, 0.6551959718433542, 0.6554441701519602, 0.6554447268293043, 0.6555698362337918, 0.6555703408265006, 0.6594529505517579, 0.6594541451093985, 0.6610366124964409, 0.6610371220968416, 0.6670895830128403, 0.667089925616869, 0.674548379326826, 0.6745504739830277, 0.6803039273473215, 0.6803097150658785, 0.6856099086955713, 0.6856165472572695, 0.6857524735749464, 0.6857562285322348, 0.6880905317861399, 0.6880966679182449, 0.6883201415216071, 0.6883247288836869, 0.7044247533806598, 0.7044297114879984, 0.7058781860629388, 0.7059170531115129, 0.7128733950209364, 0.7130893103402692, 0.7345595197145163, 0.7351834331276967, 0.7364550267475015], ""y_thresholds"": [0.0, 0.0, 0.28169014084507044, 0.28169014084507044, 0.3527272727272727, 0.3527272727272727, 0.3577981651376147, 0.3577981651376147, 0.391304347826087, 0.391304347826087, 0.39715302491103205, 0.39715302491103205, 0.4013605442176871, 0.4013605442176871, 0.42506459948320413, 0.42506459948320413, 0.4265624999999999, 0.4265624999999999, 0.43011380215932304, 0.43011380215932304, 0.43145990404386564, 0.43145990404386564, 0.43809888846301265, 0.43809888846301265, 0.45145631067961156, 0.45145631067961156, 0.4518710284772888, 0.4518710284772888, 0.4585626146406537, 0.4585626146406537, 0.45901639344262296, 0.45901639344262296, 0.4619816025025552, 0.4619816025025552, 0.4673212379935966, 0.4673212379935966, 0.4678509603495178, 0.4678509603495178, 0.4690909090909091, 0.4690909090909091, 0.47602131438721146, 0.47602131438721146, 0.4768922974324775, 0.4768922974324775, 0.4797290145019583, 0.4797290145019583, 0.4812435765673176, 0.4812435765673176, 0.48283427981414556, 0.48283427981414556, 0.48490214775462015, 0.48490214775462015, 0.4881735911147676, 0.4881735911147676, 0.4898181818181818, 0.4898181818181818, 0.49096637817572686, 0.49096637817572686, 0.49269930506754117, 0.49269930506754117, 0.5, 0.5, 0.5002740404165413, 0.5002740404165413, 0.5006354855109305, 0.5006354855109305, 0.5034453057708872, 0.5034453057708872, 0.5051094890510951, 0.5051094890510951, 0.5057816159250584, 0.5057816159250584, 0.5065359477124182, 0.5065359477124182, 0.5086698542542772, 0.5086698542542772, 0.5107841952634129, 0.5107841952634129, 0.5134770889487866, 0.5134770889487866, 0.5140335514793991, 0.5140335514793991, 0.522632281013784, 0.522632281013784, 0.5256090808416389, 0.5256090808416389, 0.52720207253886, 0.52720207253886, 0.5322104018912529, 0.5322104018912529, 0.5374397666751206, 0.5374397666751206, 0.5375563836046283, 0.5375563836046283, 0.53763215010852, 0.53763215010852, 0.5403335602450648, 0.5403335602450648, 0.5406028705537623, 0.5406028705537623, 0.5449361072974968, 0.5449361072974968, 0.5450704225352113, 0.5450704225352113, 0.5505890505890507, 0.5505890505890507, 0.5511905180600009, 0.5511905180600009, 0.5597043214556481, 0.5597043214556481, 0.5632793380724856, 0.5632793380724856, 0.5643564356435643, 0.5643564356435643, 0.5670872087669216, 0.5670872087669216, 0.5677603423680453, 0.5677603423680453, 0.5696594427244583, 0.5696594427244583, 0.5710156288275928, 0.5710156288275928, 0.5739795918367344, 0.5739795918367344, 0.5769428308302655, 0.5769428308302655, 0.5789473684210527, 0.5789473684210527, 0.5824847250509163, 0.5824847250509163, 0.5853658536585366, 0.5853658536585366, 0.5859846959323399, 0.5859846959323399, 0.5901639344262295, 0.5901639344262295, 0.5928700806849989, 0.5928700806849989, 0.6111111111111112, 0.6111111111111112, 0.6151168572849327, 0.6151168572849327, 0.6153846153846154, 0.6153846153846154, 0.6170666666666667, 0.6170666666666667, 0.629424778761062, 0.629424778761062, 0.6311166875784192, 0.6311166875784192, 0.6377952755905509, 0.6377952755905509, 0.64050822122571, 0.64050822122571, 0.6442748091603053, 0.6442748091603053, 0.6446886446886448, 0.6446886446886448, 0.6477792732166895, 0.6477792732166895, 0.6529680365296804, 0.6529680365296804, 0.6534653465346535, 0.6534653465346535, 0.6583831393519974, 0.6583831393519974, 0.6669557675628793, 0.6669557675628793, 0.676559494366584, 0.676559494366584, 0.6895261845386533, 0.6895261845386533, 0.6953073364177133, 0.6953073364177133, 0.7119341563786008, 0.7119341563786008, 0.7142857142857143, 0.7142857142857143, 0.7233333333333334, 0.7233333333333334, 0.7352941176470589, 0.7352941176470589, 0.7528430629264595, 0.7528430629264595, 0.7638888888888888, 0.7638888888888888, 0.7661691542288557, 0.7661691542288557, 0.768595041322314, 0.768595041322314, 1.0, 1.0]}",0.24846096110068522,0.24850741817228622,4.645707160100265e-05
