candidate,outer_validation_season,feature_set,brier,incumbent_brier,delta_brier,best_iteration,fit_seconds,inference_seconds,peak_memory_mb
lgb_domain_profile_v1_blend,2021,domain_profile,0.24691843607864056,0.24694504619424518,-2.6610115604619455e-05,31,19.257535899996583,0.3825981999980286,1495.82421875
lgb_domain_profile_v1_blend,2022,domain_profile,0.24415125027590281,0.2441693455303068,-1.809525440399362e-05,48,28.21780819999549,0.45758180000120774,1838.078125
lgb_domain_profile_v1_blend,2023,domain_profile,0.2510969528839031,0.2511374821404724,-4.05292565692772e-05,7,25.43172979999508,0.1888251999989734,2073.1796875
lgb_domain_profile_v1_blend,2024,domain_profile,0.2484803032295955,0.2484609611006852,1.934212891033238e-05,52,41.02691599999525,0.4594507000001613,2507.171875
lgb_domain_profile_v1_blend_plus_regime,2021,domain_profile,0.24691843607864056,0.24694504619424518,-2.6610115604619455e-05,31,19.257535899996583,0.3825981999980286,1495.82421875
lgb_domain_profile_v1_blend_plus_regime,2022,domain_profile,0.24415125027590281,0.2441693455303068,-1.809525440399362e-05,48,28.21780819999549,0.45758180000120774,1838.078125
lgb_domain_profile_v1_blend_plus_regime,2023,domain_profile,0.2510969528839031,0.2511374821404724,-4.05292565692772e-05,7,25.43172979999508,0.1888251999989734,2073.1796875
lgb_domain_profile_v1_blend_plus_regime,2024,domain_profile,0.2483477318176306,0.2484609611006852,-0.0001132292830545,52,41.02691599999525,0.4594507000001613,2507.171875
lgb_domain_regime_v1_blend,2023,domain_regime,0.2510737507245687,0.2511374821404724,-6.373141590365616e-05,4,26.18420230000629,0.1817542999997385,2199.56640625
lgb_domain_regime_v1_blend,2024,domain_regime,0.2485125599857753,0.2484609611006852,5.159888509015387e-05,44,39.40237289999641,0.4772051000036299,2530.82421875
lgb_domain_regime_v1_blend_plus_regime,2023,domain_regime,0.2510737507245687,0.2511374821404724,-6.373141590365616e-05,4,26.18420230000629,0.1817542999997385,2199.56640625
lgb_domain_regime_v1_blend_plus_regime,2024,domain_regime,0.2483714190863823,0.2484609611006852,-8.954201430289022e-05,44,39.40237289999641,0.4772051000036299,2530.82421875
