candidate,validation_season,n_rows,brier,prediction_mean,best_iteration,fit_seconds
f_catboost_seed42,2024,30010,0.24754379652820194,0.45732181110327286,297,76.19227110000793
f_catboost_w0.85_trackman,2024,30010,0.2475645309399754,0.4668622268758634,256,
f_catboost_w0.75_trackman,2024,30010,0.24756742776838925,0.46801980647251834,256,
f_catboost_w0.65_trackman,2024,30010,0.2475897382510863,0.46917738606917336,256,
f_catboost_seed_ensemble,2024,30010,0.2475965862991357,0.46512585748088087,256,
f_catboost_w1.00_trackman,2024,30010,0.2475965862991357,0.46512585748088087,256,
f_catboost_w0.50_trackman,2024,30010,0.24765960457691308,0.4709137554641558,256,
f_catboost_seed202,2024,30010,0.2477638294483996,0.4638379113922702,256,63.65094720000343
f_catboost_seed777,2024,30010,0.2478409511225978,0.4742178499470994,140,44.849159099991084
f_trackman_reference,2024,30010,0.24820796421177146,0.47670165344743076,0,0.0
f_incumbent_reference,2024,30010,0.24893126161650722,0.49237315642236473,0,0.0
