candidate,bridge_scale,full_2022_gain,full_2022_worst_month_gain,full_2022_rows,full_2022_fraction,late_2023_gain,late_2023_worst_month_gain,late_2023_rows,late_2023_fraction,full_2024_v84_gain,full_2024_v84_worst_month_gain,full_2024_v84_rows,full_2024_v84_fraction,locked_bridge_2024_gain,locked_bridge_2024_worst_month_gain,locked_bridge_2024_rows,locked_bridge_2024_fraction
runners_or_high_li_bridge027,1.2,105.15559825082892,-19.9874128925876,87544,0.3537531518717269,52.71761251248245,6.153834785083745,35151,0.375528823554549,150.92627421577345,0.24111552380986723,90728,0.3578914980651422,0.6382870436937083,-0.006374533990310738,90728,0.3578914980651422
runners_bridge027,1.2,110.75532096312963,-19.627691833073186,80693,0.3260692118704338,48.500747305392,6.987528179635774,32600,0.34827571471304647,143.19647961869487,0.14344291049519597,84724,0.3342077339087284,0.5755308080697432,-0.06487158156960504,84724,0.3342077339087284
runners_or_high_li,1.0,105.15559825082892,-19.9874128925876,87544,0.3537531518717269,52.71761251248245,6.153834785083745,35151,0.375528823554549,150.92627421577345,0.24111552380986723,90728,0.3578914980651422,0.5360015884507447,-0.005010208666135441,90728,0.3578914980651422
runners_or_high_li_bridge025,1.0,105.15559825082892,-19.9874128925876,87544,0.3537531518717269,52.71761251248245,6.153834785083745,35151,0.375528823554549,150.92627421577345,0.24111552380986723,90728,0.3578914980651422,0.5360015884507447,-0.005010208666135441,90728,0.3578914980651422
runners_or_high_li_or_pressure_count,1.0,101.31076141464291,-25.024105375017825,116383,0.470287547682162,77.39795433535619,7.653981981808101,46382,0.4955130122644331,191.47621932340553,0.31005877698680706,119779,0.4724879391890559,0.5228553649503738,-0.04995860421695397,119779,0.4724879391890559
runners,1.0,110.75532096312963,-19.627691833073186,80693,0.3260692118704338,48.500747305392,6.987528179635774,32600,0.34827571471304647,143.19647961869487,0.14344291049519597,84724,0.3342077339087284,0.48346875788411126,-0.05342862975157914,84724,0.3342077339087284
runners_bridge025,1.0,110.75532096312963,-19.627691833073186,80693,0.3260692118704338,48.500747305392,6.987528179635774,32600,0.34827571471304647,143.19647961869487,0.14344291049519597,84724,0.3342077339087284,0.48346875788411126,-0.05342862975157914,84724,0.3342077339087284
runners_or_pressure_count,1.0,107.9782281574735,-23.82524252062285,111862,0.45201881424969287,76.5332439491176,9.258666264177009,44745,0.4780244433998547,183.39744441775838,0.2681141506939184,115827,0.4568986260734418,0.4829865703941323,-0.0671938004452386,115827,0.4568986260734418
runners_or_high_li_bridge022,0.7,105.15559825082892,-19.9874128925876,87544,0.3537531518717269,52.71761251248245,6.153834785083745,35151,0.375528823554549,150.92627421577345,0.24111552380986723,90728,0.3578914980651422,0.3795019290118944,-0.0031901085858407896,90728,0.3578914980651422
runners_bridge022,0.7,110.75532096312963,-19.627691833073186,80693,0.3260692118704338,48.500747305392,6.987528179635774,32600,0.34827571471304647,143.19647961869487,0.14344291049519597,84724,0.3342077339087284,0.3424811713048257,-0.03673743934632512,84724,0.3342077339087284
