experiment_id,outer_validation_season,model,correlation_incumbent,correlation_lgb,correlation_rf
W2_hier_backoff_a50_100_2021,2021,hier_backoff_a50_100,0.6649438904322407,0.6601420353144346,0.5895846237659088
W2_hier_backoff_a50_100_2022,2022,hier_backoff_a50_100,0.7453443235064613,0.7549917640295742,0.706882494167576
W2_hier_backoff_a50_100_2023,2023,hier_backoff_a50_100,0.7844558594533727,0.7992306260774461,0.7661124554119512
W2_hier_backoff_a50_100_2024,2024,hier_backoff_a50_100,0.6080449248925165,0.5496645555248901,0.5703675275206965
W2_hier_backoff_a100_200_2021,2021,hier_backoff_a100_200,0.6818781400785268,0.6714678764457064,0.6075802481368101
W2_hier_backoff_a100_200_2022,2022,hier_backoff_a100_200,0.7566995815988494,0.7671493715100068,0.7172960202789403
W2_hier_backoff_a100_200_2023,2023,hier_backoff_a100_200,0.784144525717112,0.7993157113457614,0.7657252846401014
W2_hier_backoff_a100_200_2024,2024,hier_backoff_a100_200,0.6241468641626099,0.5625094449763772,0.5864902330561697
W2_hier_backoff_a200_500_2021,2021,hier_backoff_a200_500,0.6984000789346716,0.6811345081485657,0.6258893370351571
W2_hier_backoff_a200_500_2022,2022,hier_backoff_a200_500,0.765668298243535,0.7779414651704207,0.7248751219831806
W2_hier_backoff_a200_500_2023,2023,hier_backoff_a200_500,0.7804932636677079,0.7967228535448039,0.761926512726881
W2_hier_backoff_a200_500_2024,2024,hier_backoff_a200_500,0.640529598807208,0.5745117128003141,0.6035290116806211
W4_lgb_hier_binary_2024,2024,lgb_hier_binary,0.6815141852966367,0.617778979253464,0.6382728204154526
W4_lgb_hier_l2_2024,2024,lgb_hier_l2,0.6617556556590898,0.568303881295735,0.6385569710938982
W3_cat_d6_2024,2024,cat_d6,0.5809172963871541,0.4523639239618213,0.5882424741303871
W3_cat_d7_reg_2024,2024,cat_d7_reg,0.5694924534305278,0.4490855774122758,0.5733292471269869
W3_cat_d8_2024,2024,cat_d8,0.6179264803539769,0.4818464552582429,0.6253235262510499
W4_xgb_binary_2024,2024,xgb_binary,0.7074636502505408,0.5064349427842655,0.7428565999037484
W4_xgb_l2_2024,2024,xgb_l2,0.7161645961672798,0.5085512309145842,0.7544406938459896
W4_rf300_d12_l200_2024,2024,rf300_d12_l200,0.8788108690280962,0.6000684967033009,0.9400531842296302
W4_rf300_d12_l100_2024,2024,rf300_d12_l100,0.8750237972322951,0.5976982011416495,0.9358738691961628
W4_rf300_d10_l200_mf50_2024,2024,rf300_d10_l200_mf50,0.8407162767708976,0.5720341889717461,0.9005078449835424
