candidate,scope,cluster_type,observed_delta,bootstrap_mean_delta,ci_lower,ci_upper,improvement_probability,n_improving_resamples,mc_probability_ci_lower,mc_probability_ci_upper,n_clusters,n_resamples
rolling_damped_equal_v1,2021,pitcher_season,-0.0010746040344876264,-0.0010748553777724682,-0.0013541271082477644,-0.0008063042019641961,1.0,10000.0,0.9996311800853812,1.0,386.0,10000.0
rolling_damped_equal_v1,2021,pitcher,-0.0010746040344876264,-0.0010748553777724682,-0.0013541271082477644,-0.0008063042019641961,1.0,10000.0,0.9996311800853812,1.0,386.0,10000.0
rolling_damped_equal_v1,2022,pitcher_season,-0.0002647449761874779,-0.00026405198359706345,-0.00034939270103616636,-0.00017682737206982098,1.0,10000.0,0.9996311800853812,1.0,390.0,10000.0
rolling_damped_equal_v1,2022,pitcher,-0.0002647449761874779,-0.00026405198359706345,-0.00034939270103616636,-0.00017682737206982098,1.0,10000.0,0.9996311800853812,1.0,390.0,10000.0
rolling_damped_equal_v1,2023,pitcher_season,4.853280536762584e-07,4.862177005351072e-07,3.27383622335359e-07,6.43672275816933e-07,0.0,0.0,0.0,0.0003688199146187622,382.0,10000.0
rolling_damped_equal_v1,2023,pitcher,4.853280536762584e-07,4.862177005351072e-07,3.27383622335359e-07,6.43672275816933e-07,0.0,0.0,0.0,0.0003688199146187622,382.0,10000.0
rolling_damped_equal_v1,2024,pitcher_season,1.200153232818102e-05,1.2083463895328058e-05,-2.5196883509290046e-07,2.4851232128457406e-05,0.0279,279.0,0.024760295824363482,0.03131851228025782,391.0,10000.0
rolling_damped_equal_v1,2024,pitcher,1.200153232818102e-05,1.2083463895328058e-05,-2.5196883509290046e-07,2.4851232128457406e-05,0.0279,279.0,0.024760295824363482,0.03131851228025782,391.0,10000.0
rolling_damped_equal_v1,2021-2024,pitcher_season,-0.0003299916845085782,-0.0003301396922522466,-0.00040705234595516646,-0.0002550409772528014,1.0,10000.0,0.9996311800853812,1.0,1549.0,10000.0
rolling_damped_equal_v1,2021-2024,pitcher,-0.0003299916845085782,-0.00033065189632713914,-0.0004051101676827836,-0.00025583429404976764,1.0,10000.0,0.9996311800853812,1.0,670.0,10000.0
