outer_validation_season,method,history_seasons,latest_rate,forecast_rate,offset,brier,delta_brier_vs_incumbent
2020,last,2019,0.5646700054335694,0.5646700054335694,0.0,0.24769663427139874,-8.326672684688674e-17
2021,last,2019;2020,0.5327116970588356,0.5327116970588356,0.0,0.24587044215975767,-0.001074604034487503
2021,mean_2,2019;2020,0.5327116970588356,0.5486908512462025,0.06434863828556417,0.2461043542111624,-0.0008406919830827864
2021,logit_trend_2,2019;2020,0.5327116970588356,0.5004826896905185,-0.12910319414265,0.24694722216600315,2.1759717579727944e-06
2022,last,2019;2020;2021,0.5327616072006734,0.5327616072006734,0.0,0.24387278269011667,-0.0002965628401901399
2022,mean_2,2019;2020;2021,0.5327616072006734,0.5327366521297545,-0.00010025035994407072,0.24387260338443245,-0.0002967421458743569
2022,mean_3,2019;2020;2021,0.5327616072006734,0.5433811032310262,0.042727348691537825,0.24406016081964985,-0.00010918471065696211
2022,logit_trend_2,2019;2020;2021,0.5327616072006734,0.5328115166868257,0.00020050006187696812,0.24387314496694384,-0.00029620056336296385
2022,logit_trend_3,2019;2020;2021,0.5327616072006734,0.5113061950863005,-0.0860019627411254,0.24416996174476518,6.162144583765627e-07
2022,damped_3_0.5,2019;2020;2021,0.5327616072006734,0.5247319948716879,-0.03222567352017974,0.2438782059934966,-0.0002911395368102032
2022,damped_3_0.8,2019;2020;2021,0.5327616072006734,0.5199078141179432,-0.0515610776322879,0.24394233251613154,-0.0002270130141752702
2023,last,2019;2020;2021;2022,0.5289204435249241,0.5289204435249241,0.0,0.25119799244628904,6.051030581666339e-05
2023,mean_2,2019;2020;2021;2022,0.5289204435249241,0.5308410253627988,0.0077098722605298264,0.2512974426355273,0.0001599604950549005
2023,mean_3,2019;2020;2021;2022,0.5289204435249241,0.5314645825948111,0.01021382182228174,0.251331288972322,0.00019380683184960779
2023,mean_4,2019;2020;2021;2022,0.5289204435249241,0.5397659383045007,0.04358936739233672,0.25185466504153686,0.0007171829010644837
2023,logit_trend_2,2019;2020;2021;2022,0.5289204435249241,0.5250758516709769,-0.015423412796226818,0.2510206729718517,-0.00011680916862066848
2023,logit_trend_3,2019;2020;2021;2022,0.5289204435249241,0.5276725859059622,-0.0050074708908317556,0.2511372584732467,-2.2366722568500919e-07
2023,logit_trend_4,2019;2020;2021;2022,0.5289204435249241,0.5128371017281779,-0.06445134704039529,0.2506492928479754,-0.00048818929249699883
2023,damped_3_0.5,2019;2020;2021;2022,0.5289204435249241,0.5279720913256479,-0.003805728183587209,0.2511515567538489,1.4074613376546807e-05
2023,damped_3_0.8,2019;2020;2021;2022,0.5289204435249241,0.527402982642559,-0.006089165093739121,0.2511245383205219,-1.2943819950483881e-05
2024,last,2019;2020;2021;2022;2023,0.49995723449750534,0.49995723449750534,0.0,0.24868617979692467,0.00022521869623945423
2024,mean_2,2019;2020;2021;2022;2023,0.49995723449750534,0.5144388390112147,0.05794248054730499,0.2493374179176173,0.0008764568169320752
2024,mean_3,2019;2020;2021;2022;2023,0.49995723449750534,0.5205464284077009,0.0824030827929674,0.2497369842377175,0.0012760231370322894
2024,mean_4,2019;2020;2021;2022;2023,0.49995723449750534,0.5235877455704846,0.09459213145641751,0.24996358421909826,0.0015026231184130379
2024,logit_trend_2,2019;2020;2021;2022;2023,0.49995723449750534,0.47099431246394263,-0.11598210278063349,0.24863420873002073,0.00017324762933551563
2024,logit_trend_3,2019;2020;2021;2022;2023,0.49995723449750534,0.4877239580446131,-0.04894297612440779,0.24846077231000363,-1.8879068158783596e-07
2024,logit_trend_4,2019;2020;2021;2022;2023,0.49995723449750534,0.4980543802257202,-0.007611456367185636,0.2486315831092379,0.0001706220085526955
2024,logit_trend_5,2019;2020;2021;2022;2023,0.49995723449750534,0.49171508512847056,-0.03297163090888848,0.24850161840812762,4.065730744240437e-05
2024,damped_3_0.5,2019;2020;2021;2022;2023,0.49995723449750534,0.49174513990796886,-0.032851378894218214,0.2485020461209669,4.1085020281689255e-05
2024,damped_3_0.8,2019;2020;2021;2022;2023,0.49995723449750534,0.48681973710176346,-0.05256220623074892,0.248455918307921,-5.042792764226034e-06
