experiment_id,outer_validation_season,candidate,reference,cluster_type,observed_delta,bootstrap_mean_delta,ci_lower,ci_upper,improvement_probability,n_clusters,n_resamples
W0_trend_vs_raw_2020,2020,incumbent_fixed_blend_trend,blend_raw,pitcher_season,6.913678309087489e-20,6.92187791017453e-20,-5.1317788373240584e-20,1.924213706908925e-19,0.1385,356.0,2000.0
W0_trend_vs_raw_2020,2020,incumbent_fixed_blend_trend,blend_raw,pitcher,6.913678309087489e-20,6.92187791017453e-20,-5.1317788373240584e-20,1.924213706908925e-19,0.1385,356.0,2000.0
W0_trend_vs_raw_2021,2021,incumbent_fixed_blend_trend,blend_raw,pitcher_season,0.0010746040344876,0.001072337962945,0.0008096741161445,0.0013491881790229,0.0,386.0,2000.0
W0_trend_vs_raw_2021,2021,incumbent_fixed_blend_trend,blend_raw,pitcher,0.0010746040344876,0.001072337962945,0.0008096741161445,0.0013491881790229,0.0,386.0,2000.0
W0_trend_vs_raw_2022,2022,incumbent_fixed_blend_trend,blend_raw,pitcher_season,0.0002965628401901,0.000297493613612,0.0001302121647123,0.0004578733186816,0.0,390.0,2000.0
W0_trend_vs_raw_2022,2022,incumbent_fixed_blend_trend,blend_raw,pitcher,0.0002965628401901,0.000297493613612,0.0001302121647123,0.0004578733186816,0.0,390.0,2000.0
W0_trend_vs_raw_2023,2023,incumbent_fixed_blend_trend,blend_raw,pitcher_season,-6.051030581672603e-05,-6.092448308065907e-05,-7.691175683267992e-05,-4.5093245325452224e-05,1.0,382.0,2000.0
W0_trend_vs_raw_2023,2023,incumbent_fixed_blend_trend,blend_raw,pitcher,-6.051030581672603e-05,-6.092448308065907e-05,-7.691175683267992e-05,-4.5093245325452224e-05,1.0,382.0,2000.0
W0_trend_vs_raw_2024,2024,incumbent_fixed_blend_trend,blend_raw,pitcher_season,-0.0002252186962394,-0.0002250589644119,-0.0003241093549914,-0.000130678597926,1.0,391.0,2000.0
W0_trend_vs_raw_2024,2024,incumbent_fixed_blend_trend,blend_raw,pitcher,-0.0002252186962394,-0.0002250589644119,-0.0003241093549914,-0.000130678597926,1.0,391.0,2000.0
W5_incumbent_combined,2021-2024,incumbent,incumbent,pitcher_season,0.0,0.0,0.0,0.0,0.0,1549.0,2000.0
W5_incumbent_combined,2021-2024,incumbent,incumbent,pitcher,0.0,0.0,0.0,0.0,0.0,670.0,2000.0
W5_raw_blend_combined,2021-2024,raw_blend,incumbent,pitcher_season,-0.0002686831737753412,-0.00026985826578974556,-0.00036185679828617097,-0.0001805142319865316,1.0,1549.0,2000.0
W5_raw_blend_combined,2021-2024,raw_blend,incumbent,pitcher,-0.0002686831737753412,-0.0002682248981635387,-0.0003560697756103228,-0.00017975448164703688,1.0,670.0,2000.0
W5_damped_3_0.8_fallback_raw_combined,2021-2024,damped_3_0.8_fallback_raw,incumbent,pitcher_season,-0.0003282610377056872,-0.00032911004677101054,-0.0004065517461676867,-0.00025356747582858124,1.0,1549.0,2000.0
W5_damped_3_0.8_fallback_raw_combined,2021-2024,damped_3_0.8_fallback_raw,incumbent,pitcher,-0.0003282610377056872,-0.0003287711321385166,-0.0004016866325966458,-0.00025563910103723625,1.0,670.0,2000.0
W5_nested_convex_trend_l2_0.0001_combined,2021-2024,nested_convex_trend_l2_0.0001,incumbent,pitcher_season,0.00012813386225574375,0.00012814240435067692,7.94760118207302e-05,0.00017961842376798033,0.0,1549.0,2000.0
W5_nested_convex_trend_l2_0.0001_combined,2021-2024,nested_convex_trend_l2_0.0001,incumbent,pitcher,0.00012813386225574375,0.00012887918004019278,7.662921548013516e-05,0.00018848511150499465,0.0,670.0,2000.0
W5_nested_convex_trend_l2_0.001_combined,2021-2024,nested_convex_trend_l2_0.001,incumbent,pitcher_season,4.283307284393919e-05,4.286562823214664e-05,1.808721368785397e-05,6.811375477920465e-05,0.0,1549.0,2000.0
W5_nested_convex_trend_l2_0.001_combined,2021-2024,nested_convex_trend_l2_0.001,incumbent,pitcher,4.283307284393919e-05,4.325387448446209e-05,1.770458810038701e-05,7.204245648823576e-05,0.0005,670.0,2000.0
W5_nested_convex_trend_l2_0.01_combined,2021-2024,nested_convex_trend_l2_0.01,incumbent,pitcher_season,3.1284325519517732e-06,3.135809425503541e-06,-9.678502765510948e-07,7.242967503128674e-06,0.0655,1549.0,2000.0
W5_nested_convex_trend_l2_0.01_combined,2021-2024,nested_convex_trend_l2_0.01,incumbent,pitcher,3.1284325519517732e-06,3.2012645358300253e-06,-9.255506107900942e-07,7.876110268463687e-06,0.0775,670.0,2000.0
W5_nested_convex_regime_l2_0.0001_combined,2021-2024,nested_convex_regime_l2_0.0001,incumbent,pitcher_season,-3.9618299373346757e-05,-3.969729668918412e-05,-7.50097016516942e-05,-3.0921586662841664e-06,0.984,1549.0,2000.0
W5_nested_convex_regime_l2_0.0001_combined,2021-2024,nested_convex_regime_l2_0.0001,incumbent,pitcher,-3.9618299373346757e-05,-3.880382986248117e-05,-7.381308497219925e-05,-2.788911562654151e-06,0.984,670.0,2000.0
W5_nested_convex_regime_l2_0.001_combined,2021-2024,nested_convex_regime_l2_0.001,incumbent,pitcher_season,-1.2342122268285416e-05,-1.2302211423364532e-05,-2.4983488315386558e-05,4.5489292136068206e-07,0.9695,1549.0,2000.0
W5_nested_convex_regime_l2_0.001_combined,2021-2024,nested_convex_regime_l2_0.001,incumbent,pitcher,-1.2342122268285416e-05,-1.2036046601701818e-05,-2.470259049629485e-05,1.2402507469342613e-06,0.9605,670.0,2000.0
W5_nested_convex_regime_l2_0.01_combined,2021-2024,nested_convex_regime_l2_0.01,incumbent,pitcher_season,-1.1785486446689041e-06,-1.1680786394069769e-06,-3.308632104186582e-06,1.0794124480998385e-06,0.836,1549.0,2000.0
W5_nested_convex_regime_l2_0.01_combined,2021-2024,nested_convex_regime_l2_0.01,incumbent,pitcher,-1.1785486446689041e-06,-1.1256985415119403e-06,-3.382955930554546e-06,1.2215299059825216e-06,0.8365,670.0,2000.0
W5_nested_logit_stack_c_0.001_combined,2021-2024,nested_logit_stack_c_0.001,incumbent,pitcher_season,0.0005597643356468702,0.000561010525826086,0.00047265427335880627,0.0006546253245338823,0.0,1549.0,2000.0
W5_nested_logit_stack_c_0.001_combined,2021-2024,nested_logit_stack_c_0.001,incumbent,pitcher,0.0005597643356468702,0.0005626885869944108,0.00044869552264085213,0.0006857796645463163,0.0,670.0,2000.0
W5_nested_logit_stack_c_0.01_combined,2021-2024,nested_logit_stack_c_0.01,incumbent,pitcher_season,0.0006694234507132749,0.0006705725131309054,0.0005757412040874862,0.0007746940123894609,0.0,1549.0,2000.0
W5_nested_logit_stack_c_0.01_combined,2021-2024,nested_logit_stack_c_0.01,incumbent,pitcher,0.0006694234507132749,0.0006723413619036754,0.0005503180854265542,0.0008059529174657049,0.0,670.0,2000.0
W5_nested_logit_stack_c_0.1_combined,2021-2024,nested_logit_stack_c_0.1,incumbent,pitcher_season,0.0006887034889868809,0.0006898389798110933,0.000592292587482791,0.0007951543676461095,0.0,1549.0,2000.0
W5_nested_logit_stack_c_0.1_combined,2021-2024,nested_logit_stack_c_0.1,incumbent,pitcher,0.0006887034889868809,0.0006916290544873968,0.0005678647713773137,0.0008270225370651039,0.0,670.0,2000.0
