experiment_id,outer_validation_season,model,brier,reliability,resolution,uncertainty,binned_reconstruction,n_bins
W0_lgb_raw_2020,2020,lgb_raw,0.24843055570786768,0.0008667282729364326,0.0007889971180388147,0.24892994487553097,0.2490076760304286,10.0
W0_lgb_raw_2020,2020,lgb_raw,0.24843055570786768,0.0008702463909483495,0.0011232357548152825,0.24892994487553097,0.24867695551166402,20.0
W0_rf_raw_2020,2020,rf_raw,0.24765161916457828,0.00047051850284742576,0.0013544973747743746,0.24892994487553097,0.248045966003604,10.0
W0_rf_raw_2020,2020,rf_raw,0.24765161916457828,0.0004896379697174101,0.0016288993062649362,0.24892994487553097,0.24779068353898343,20.0
W0_blend_raw_2020,2020,blend_raw,0.24769663427139874,0.0005999163887226526,0.0012756655320614921,0.24892994487553097,0.24825419573219212,10.0
W0_blend_raw_2020,2020,blend_raw,0.24769663427139874,0.0006022593152852019,0.0016476562220263525,0.24892994487553097,0.24788454796878984,20.0
W0_lgb_trend_2020,2020,lgb_trend,0.24843055570786768,0.0008667282729364326,0.0007889971180388147,0.24892994487553097,0.2490076760304286,10.0
W0_lgb_trend_2020,2020,lgb_trend,0.24843055570786768,0.0008702463909483495,0.0011232357548152825,0.24892994487553097,0.24867695551166402,20.0
W0_rf_trend_2020,2020,rf_trend,0.24765161916457828,0.00047051850284742576,0.0013544973747743746,0.24892994487553097,0.248045966003604,10.0
W0_rf_trend_2020,2020,rf_trend,0.24765161916457828,0.0004896379697174101,0.0016288993062649362,0.24892994487553097,0.24779068353898343,20.0
W0_incumbent_fixed_blend_trend_2020,2020,incumbent_fixed_blend_trend,0.24769663427139882,0.0005999163887226526,0.0012756655320614921,0.24892994487553097,0.24825419573219212,10.0
W0_incumbent_fixed_blend_trend_2020,2020,incumbent_fixed_blend_trend,0.24769663427139882,0.0006022593152852019,0.0016476562220263525,0.24892994487553097,0.24788454796878984,20.0
W0_lgb_raw_2021,2021,lgb_raw,0.24706589605135482,0.0001264979266827916,0.0010602149983696457,0.24892667709362878,0.24799296002194193,10.0
W0_lgb_raw_2021,2021,lgb_raw,0.24706589605135482,0.000281606853586857,0.0019599121095135764,0.24892667709362878,0.24724837183770207,20.0
W0_rf_raw_2021,2021,rf_raw,0.24560768988046647,0.0005038017436385766,0.0028523427656749964,0.24892667709362878,0.24657813607159235,10.0
W0_rf_raw_2021,2021,rf_raw,0.24560768988046647,0.0006726829679202729,0.0037033051437596258,0.24892667709362878,0.24589605491778943,20.0
W0_blend_raw_2021,2021,blend_raw,0.24587044215975765,0.0004835938023029342,0.002311244943931756,0.24892667709362878,0.24709902595199995,10.0
W0_blend_raw_2021,2021,blend_raw,0.24587044215975765,0.0007392366512427116,0.0034910564501662088,0.24892667709362878,0.24617485729470528,20.0
W0_lgb_trend_2021,2021,lgb_trend,0.24774945747272412,0.000734216015882036,0.0010056012891747218,0.24892667709362878,0.24865529182033608,10.0
W0_lgb_trend_2021,2021,lgb_trend,0.24774945747272412,0.0008627995387354998,0.0016888534443743031,0.24892667709362878,0.24810062318798998,20.0
W0_rf_trend_2021,2021,rf_trend,0.2468969151855743,0.0016567568728869228,0.0025874036210073934,0.24892667709362878,0.2479960303455083,10.0
W0_rf_trend_2021,2021,rf_trend,0.2468969151855743,0.0019414660173443954,0.00364005223082206,0.24892667709362878,0.24722809088015113,20.0
W0_incumbent_fixed_blend_trend_2021,2021,incumbent_fixed_blend_trend,0.24694504619424518,0.001392059346375971,0.0022196939588928926,0.24892667709362878,0.24809904248111186,10.0
W0_incumbent_fixed_blend_trend_2021,2021,incumbent_fixed_blend_trend,0.24694504619424518,0.0017973087426042726,0.003383503334408415,0.24892667709362878,0.24734048250182464,20.0
W0_lgb_raw_2022,2022,lgb_raw,0.2442615046299097,0.00029021890903872154,0.004763477787240963,0.24916360794632167,0.24469034906811943,10.0
W0_lgb_raw_2022,2022,lgb_raw,0.2442615046299097,0.0003158296819761817,0.0050540826576241284,0.24916360794632167,0.24442535497067372,20.0
W0_rf_raw_2022,2022,rf_raw,0.24398725988122968,0.0002539012135639216,0.005109351516575214,0.24916360794632167,0.24430815764331038,10.0
W0_rf_raw_2022,2022,rf_raw,0.24398725988122968,0.0002693962694285696,0.005300700879627093,0.24916360794632167,0.24413230333612315,20.0
W0_blend_raw_2022,2022,blend_raw,0.24387278269011667,0.00034331678827881183,0.005257602355481255,0.24916360794632167,0.24424932237911923,10.0
W0_blend_raw_2022,2022,blend_raw,0.24387278269011667,0.00035891628550339467,0.005498327335192176,0.24916360794632167,0.24402419689663288,20.0
W0_lgb_trend_2022,2022,lgb_trend,0.24442455486776138,0.0005009881087345364,0.004871241861559719,0.24916360794632167,0.2447933541934965,10.0
W0_lgb_trend_2022,2022,lgb_trend,0.24442455486776138,0.0005186112781952097,0.005103124295346371,0.24916360794632167,0.24457909492917052,20.0
W0_rf_trend_2022,2022,rf_trend,0.24435930100132502,0.0005609233232381894,0.004835961139016707,0.24916360794632167,0.24488857013054313,10.0
W0_rf_trend_2022,2022,rf_trend,0.24435930100132502,0.0006051770380559485,0.005097863388579473,0.24916360794632167,0.24467092159579815,20.0
W0_incumbent_fixed_blend_trend_2022,2022,incumbent_fixed_blend_trend,0.2441693455303068,0.0005807357607164402,0.0050200096662772874,0.24916360794632167,0.24472433404076083,10.0
W0_incumbent_fixed_blend_trend_2022,2022,incumbent_fixed_blend_trend,0.2441693455303068,0.0006210956764995474,0.005329157347210315,0.24916360794632167,0.2444555462756109,20.0
W0_lgb_raw_2023,2023,lgb_raw,0.2513310340573391,0.0013012484516937907,7.379050996139377e-05,0.24999999817111176,0.25122745611284414,10.0
W0_lgb_raw_2023,2023,lgb_raw,0.2513310340573391,0.001403413288151903,0.00010969284181876657,0.24999999817111176,0.2512937186174449,20.0
W0_rf_raw_2023,2023,rf_raw,0.2516513260021733,0.0028937501270798116,0.0008692467803371694,0.24999999817111176,0.2520245015178544,10.0
W0_rf_raw_2023,2023,rf_raw,0.2516513260021733,0.0029082302710881774,0.0010708214315662207,0.24999999817111176,0.25183740701063373,20.0
W0_blend_raw_2023,2023,blend_raw,0.25119799244628904,0.002265350295367848,0.0008169089577476665,0.24999999817111176,0.25144843950873197,10.0
W0_blend_raw_2023,2023,blend_raw,0.25119799244628904,0.0022692750150001095,0.0009399986265219031,0.24999999817111176,0.25132927455959,20.0
W0_lgb_trend_2023,2023,lgb_trend,0.25124334835272705,0.001212237518851859,7.333228532630116e-05,0.24999999817111176,0.25113890340463735,10.0
W0_lgb_trend_2023,2023,lgb_trend,0.25124334835272705,0.0013285049888561245,0.00010141256056064559,0.24999999817111176,0.25122709059940723,20.0
W0_rf_trend_2023,2023,rf_trend,0.2516058509278075,0.0028260734456358435,0.0008641063756105969,0.24999999817111176,0.251961965241137,10.0
W0_rf_trend_2023,2023,rf_trend,0.2516058509278075,0.0028434124853710077,0.001060950792182528,0.24999999817111176,0.25178245986430026,20.0
W0_incumbent_fixed_blend_trend_2023,2023,incumbent_fixed_blend_trend,0.2511374821404724,0.0021778817841750665,0.0008378342464441278,0.24999999817111176,0.2513400457088427,10.0
W0_incumbent_fixed_blend_trend_2023,2023,incumbent_fixed_blend_trend,0.2511374821404724,0.0021907192005187325,0.0009376075578905485,0.24999999817111176,0.25125310981373994,20.0
W0_lgb_raw_2024,2024,lgb_raw,0.24900589251783112,0.00026271134847834216,0.0006905135939426322,0.24980692675678798,0.24937912451132369,10.0
W0_lgb_raw_2024,2024,lgb_raw,0.24900589251783112,0.00027818798754628124,0.0009238883687825136,0.24980692675678798,0.24916122637555174,20.0
W0_rf_raw_2024,2024,rf_raw,0.2487687945941139,0.00023559355365038284,0.0008343245832152965,0.24980692675678798,0.24920819572722305,10.0
W0_rf_raw_2024,2024,rf_raw,0.2487687945941139,0.0002449293211665514,0.0011309631330975916,0.24980692675678798,0.24892089294485692,20.0
W0_blend_raw_2024,2024,blend_raw,0.24868617979692467,0.00025273039968379366,0.0008428111947523337,0.24980692675678798,0.24921684596171945,10.0
W0_blend_raw_2024,2024,blend_raw,0.24868617979692467,0.00027747073140884206,0.0011828483424317724,0.24980692675678798,0.24890154914576507,20.0
W0_lgb_trend_2024,2024,lgb_trend,0.24877026337910413,2.951711420682551e-05,0.0007933721509038575,0.24980692675678798,0.24904307172009094,10.0
W0_lgb_trend_2024,2024,lgb_trend,0.24877026337910413,4.9699038993536806e-05,0.0009653200051779923,0.24980692675678798,0.24889130579060353,20.0
W0_rf_trend_2024,2024,rf_trend,0.24854898318267846,1.628405858011328e-05,0.0007821452088360651,0.24980692675678798,0.24904106560653202,10.0
W0_rf_trend_2024,2024,rf_trend,0.24854898318267846,2.8749897373212595e-05,0.001064398908629425,0.24980692675678798,0.2487712777455318,20.0
W0_incumbent_fixed_blend_trend_2024,2024,incumbent_fixed_blend_trend,0.24846096110068522,4.669498095087342e-05,0.0009325191182595644,0.24980692675678798,0.24892110261947928,10.0
W0_incumbent_fixed_blend_trend_2024,2024,incumbent_fixed_blend_trend,0.24846096110068522,6.778848508459521e-05,0.0012376643606480315,0.24980692675678798,0.24863705088122454,20.0
