experiment_id,outer_validation_season,model,bin,n,prediction_mean,target_rate,prediction_min,prediction_max,weight,calibration_error
W0_lgb_raw_2020,2020,lgb_raw,9,7152,0.48773500682923576,0.4545581655480984,0.46217206256000576,0.49999833799624177,0.029301027912178854,0.03317684128113735
W0_lgb_raw_2020,2020,lgb_raw,10,79670,0.5285942644419575,0.4995857913894816,0.5000125715973616,0.5499940448428299,0.3264000131100796,0.029008473052475836
W0_lgb_raw_2020,2020,lgb_raw,11,120795,0.5702469322759683,0.5408088083116023,0.5500012526803341,0.5999925006883791,0.4948850205049839,0.02943812396436607
W0_lgb_raw_2020,2020,lgb_raw,12,35484,0.6223384023826866,0.5935351144177657,0.6000002018122165,0.649927970001576,0.14537439519515583,0.02880328796492082
W0_lgb_raw_2020,2020,lgb_raw,13,986,0.6539017512634879,0.5953346855983773,0.6500889066992017,0.6636396780552871,0.004039543277601839,0.05856706566511061
W0_rf_raw_2020,2020,rf_raw,8,1096,0.4425835547423747,0.4124087591240876,0.40398411045615334,0.4499888170295764,0.004490202263946872,0.03017479561828712
W0_rf_raw_2020,2020,rf_raw,9,30068,0.48225565566766193,0.46082213649062126,0.4500152694786527,0.49999633369080526,0.12318558546747677,0.021433519177040672
W0_rf_raw_2020,2020,rf_raw,10,94670,0.5280347913859398,0.5156543783669589,0.5000005381150374,0.5499999504284642,0.38785351124803863,0.012380413018980851
W0_rf_raw_2020,2020,rf_raw,11,76462,0.5726706899894489,0.5499463785932882,0.5500013490667789,0.599999761080161,0.3132571583083081,0.022724311396160712
W0_rf_raw_2020,2020,rf_raw,12,32685,0.6187151012835747,0.5845800826067004,0.6000003231578283,0.6499993152205876,0.1339071724426127,0.034135018676874296
W0_rf_raw_2020,2020,rf_raw,13,8935,0.6675064955612697,0.6304420817011751,0.650001399392028,0.6999511854459051,0.03660580039084425,0.037064413860094625
W0_rf_raw_2020,2020,rf_raw,14,171,0.7059944108871428,0.6608187134502924,0.700104612918886,0.7258039431393029,0.0007005698787727327,0.04517569743685035
W0_blend_raw_2020,2020,blend_raw,8,110,0.43872212504237273,0.33636363636363636,0.42535826616247774,0.4496637526091889,0.0004506589863450327,0.10235848867873637
W0_blend_raw_2020,2020,blend_raw,9,18793,0.4871015087843898,0.4449529079976587,0.4500022272573956,0.49999743058330615,0.07699303936711091,0.042148600786731105
W0_blend_raw_2020,2020,blend_raw,10,98784,0.5292565796186123,0.5089589407191448,0.5000009882880184,0.5499999448021047,0.40470815733734283,0.02029763889946745
W0_blend_raw_2020,2020,blend_raw,11,89254,0.5719244479915889,0.5503618885428104,0.5500012119474755,0.5999994283625432,0.36566470152035957,0.021562559448778496
W0_blend_raw_2020,2020,blend_raw,12,31583,0.621057394374928,0.5918690434727544,0.6000008107173818,0.6499983276455371,0.12939238877941062,0.029188350902173643
W0_blend_raw_2020,2020,blend_raw,13,5563,0.6603891201128593,0.6358080172568757,0.6500024841734304,0.6932926745279255,0.022791054009431065,0.024581102855983583
W0_lgb_trend_2020,2020,lgb_trend,9,7152,0.48773500682923576,0.4545581655480984,0.46217206256000576,0.49999833799624177,0.029301027912178854,0.03317684128113735
W0_lgb_trend_2020,2020,lgb_trend,10,79670,0.5285942644419575,0.4995857913894816,0.5000125715973616,0.5499940448428299,0.3264000131100796,0.029008473052475836
W0_lgb_trend_2020,2020,lgb_trend,11,120795,0.5702469322759683,0.5408088083116023,0.5500012526803341,0.5999925006883791,0.4948850205049839,0.02943812396436607
W0_lgb_trend_2020,2020,lgb_trend,12,35484,0.6223384023826866,0.5935351144177657,0.6000002018122165,0.649927970001576,0.14537439519515583,0.02880328796492082
W0_lgb_trend_2020,2020,lgb_trend,13,986,0.6539017512634879,0.5953346855983773,0.6500889066992017,0.6636396780552871,0.004039543277601839,0.05856706566511061
W0_rf_trend_2020,2020,rf_trend,8,1096,0.4425835547423747,0.4124087591240876,0.40398411045615334,0.44998881702957644,0.004490202263946872,0.03017479561828712
W0_rf_trend_2020,2020,rf_trend,9,30068,0.48225565566766193,0.46082213649062126,0.4500152694786528,0.4999963336908053,0.12318558546747677,0.021433519177040672
W0_rf_trend_2020,2020,rf_trend,10,94670,0.5280347913859398,0.5156543783669589,0.5000005381150374,0.5499999504284642,0.38785351124803863,0.012380413018980851
W0_rf_trend_2020,2020,rf_trend,11,76462,0.5726706899894489,0.5499463785932882,0.5500013490667789,0.599999761080161,0.3132571583083081,0.022724311396160712
W0_rf_trend_2020,2020,rf_trend,12,32685,0.6187151012835747,0.5845800826067004,0.6000003231578283,0.6499993152205876,0.1339071724426127,0.034135018676874296
W0_rf_trend_2020,2020,rf_trend,13,8935,0.6675064955612697,0.6304420817011751,0.650001399392028,0.6999511854459052,0.03660580039084425,0.037064413860094625
W0_rf_trend_2020,2020,rf_trend,14,171,0.7059944108871428,0.6608187134502924,0.700104612918886,0.7258039431393029,0.0007005698787727327,0.04517569743685035
W0_incumbent_fixed_blend_trend_2020,2020,incumbent_fixed_blend_trend,8,110,0.43872212504237273,0.33636363636363636,0.42535826616247774,0.4496637526091889,0.0004506589863450327,0.10235848867873637
W0_incumbent_fixed_blend_trend_2020,2020,incumbent_fixed_blend_trend,9,18793,0.4871015087843898,0.4449529079976587,0.4500022272573956,0.49999743058330615,0.07699303936711091,0.042148600786731105
W0_incumbent_fixed_blend_trend_2020,2020,incumbent_fixed_blend_trend,10,98784,0.5292565796186123,0.5089589407191448,0.5000009882880184,0.5499999448021047,0.40470815733734283,0.02029763889946745
W0_incumbent_fixed_blend_trend_2020,2020,incumbent_fixed_blend_trend,11,89254,0.5719244479915889,0.5503618885428104,0.5500012119474755,0.5999994283625432,0.36566470152035957,0.021562559448778496
W0_incumbent_fixed_blend_trend_2020,2020,incumbent_fixed_blend_trend,12,31583,0.621057394374928,0.5918690434727544,0.6000008107173818,0.6499983276455371,0.12939238877941062,0.029188350902173643
W0_incumbent_fixed_blend_trend_2020,2020,incumbent_fixed_blend_trend,13,5563,0.6603891201128593,0.6358080172568757,0.6500024841734304,0.6932926745279255,0.022791054009431065,0.024581102855983583
W0_lgb_raw_2021,2021,lgb_raw,7,173,0.38966982840199516,0.3988439306358382,0.36056810384746146,0.39982401659442673,0.0007001554102182219,-0.009174102233843018
W0_lgb_raw_2021,2021,lgb_raw,8,4181,0.4332095345034072,0.4577852188471658,0.400151758681816,0.4499665325508118,0.016921096937123615,-0.024575684343758564
W0_lgb_raw_2021,2021,lgb_raw,9,38241,0.48495741810482157,0.4926126408828221,0.4500106739505459,0.49999508294078787,0.15476672278702325,-0.007655222778000514
W0_lgb_raw_2021,2021,lgb_raw,10,122292,0.5297207371056504,0.5088476760540346,0.5000079813166126,0.5499932332892816,0.4949329793433918,0.020873061051615793
W0_lgb_raw_2021,2021,lgb_raw,11,66575,0.571360455575547,0.579752159218926,0.5500010077562372,0.5999996240394926,0.2694384187010296,-0.008391703643378934
W0_lgb_raw_2021,2021,lgb_raw,12,14185,0.6150931480403168,0.6369404300317236,0.6000008718871979,0.6499809158515804,0.05740869649679466,-0.02184728199140684
W0_lgb_raw_2021,2021,lgb_raw,13,1435,0.6588277176133869,0.6648083623693379,0.6500351849711608,0.6968659146139736,0.005807647477821667,-0.005980644755951059
W0_lgb_raw_2021,2021,lgb_raw,14,6,0.7075625152724339,0.6666666666666666,0.7045680715734572,0.7118402051835312,2.4282846597163764e-05,0.04089584860576723
W0_rf_raw_2021,2021,rf_raw,8,1633,0.44290942741746847,0.4353949785670545,0.4131475688686985,0.44998794923102503,0.006608981415528071,0.007514448850413968
W0_rf_raw_2021,2021,rf_raw,9,55907,0.4826149507089341,0.4696013021625199,0.4500230353601761,0.499999387943548,0.22626351745127243,0.013013648546414236
W0_rf_raw_2021,2021,rf_raw,10,128159,0.5240343135700342,0.5183639073338587,0.5000001976945274,0.5499977782507967,0.5186775561743184,0.005670406236175429
W0_rf_raw_2021,2021,rf_raw,11,47306,0.5688489623164835,0.5959286348454741,0.5500001338131998,0.599999204400483,0.19145405685423816,-0.027079672528990573
W0_rf_raw_2021,2021,rf_raw,12,12723,0.6200476278180649,0.7156331053996698,0.6000020245997818,0.6499910620679766,0.05149177620928576,-0.09558547758160496
W0_rf_raw_2021,2021,rf_raw,13,1360,0.6605947001879741,0.6948529411764706,0.6500055556103388,0.6929238822916008,0.00550411189535712,-0.0342582409884965
W0_blend_raw_2021,2021,blend_raw,8,937,0.4421808615094643,0.4023479188900747,0.41235367439334103,0.4499966389976408,0.0037921712102570743,0.03983294261938958
W0_blend_raw_2021,2021,blend_raw,9,43442,0.4844286533501579,0.46989088900142717,0.45000366030106725,0.49999990688691665,0.1758159036456647,0.01453776434873072
W0_blend_raw_2021,2021,blend_raw,10,136034,0.5241745527460117,0.5120117029566138,0.5000014585140391,0.5499999629517807,0.550548792333096,0.012162849789397856
W0_blend_raw_2021,2021,blend_raw,11,55068,0.5711241802941823,0.5974613205491393,0.5500004907988372,0.5999957114250631,0.22286796606876902,-0.026337140254956926
W0_blend_raw_2021,2021,blend_raw,12,10952,0.6154269106140029,0.7172205989773557,0.6000033305802618,0.6499899546578989,0.044324289322022925,-0.10179368836335279
W0_blend_raw_2021,2021,blend_raw,13,655,0.6581155254255726,0.6748091603053435,0.650041310219345,0.6835302575841193,0.0026508774201903776,-0.016693634879770936
W0_lgb_trend_2021,2021,lgb_trend,6,27,0.34254762266532723,0.5185185185185185,0.3313684062556057,0.34992755105514217,0.00010927280968723694,-0.17597089585319126
W0_lgb_trend_2021,2021,lgb_trend,7,1774,0.386325566959548,0.4560315670800451,0.3502341131111384,0.39991420922062365,0.007179628310561419,-0.0697060001204971
W0_lgb_trend_2021,2021,lgb_trend,8,14898,0.43331914751443895,0.4745603436702913,0.4000406816881207,0.4499966251935582,0.06029430810075762,-0.04124119615585237
W0_lgb_trend_2021,2021,lgb_trend,9,86251,0.47874633634139013,0.5026956209203371,0.45000335794319646,0.4999998525364128,0.3490699669753286,-0.023949284578947017
W0_lgb_trend_2021,2021,lgb_trend,10,111315,0.5189521770907198,0.5381844315680726,0.500001517987239,0.5499971887723542,0.45050751149388074,-0.019232254477352773
W0_lgb_trend_2021,2021,lgb_trend,11,29102,0.5672271785495145,0.6210913339289396,0.5500004104588424,0.5999750369015845,0.1177799002784433,-0.053864155379425016
W0_lgb_trend_2021,2021,lgb_trend,12,3691,0.616140589448027,0.645895421295042,0.6000079368940676,0.6484116460453664,0.014937997798355241,-0.029754831847014995
W0_lgb_trend_2021,2021,lgb_trend,13,30,0.6609589415860451,0.7,0.6505150281519053,0.6846522596746386,0.00012141423298581882,-0.03904105841395489
W0_rf_trend_2021,2021,rf_trend,7,92,0.39328821125383034,0.40217391304347827,0.38223518298471987,0.39998257680115185,0.00037233698115651104,-0.008885701789647926
W0_rf_trend_2021,2021,rf_trend,8,25367,0.4370206457214169,0.45440927188867425,0.4000024760760155,0.44999887182973347,0.10266382827170886,-0.017388626167257337
W0_rf_trend_2021,2021,rf_trend,9,122433,0.47838266318605666,0.5018336559587693,0.45000209021723797,0.49999992004408367,0.4955036262384252,-0.02345099277271262
W0_rf_trend_2021,2021,rf_trend,10,76657,0.5201623039328307,0.5621404437950872,0.500001258489993,0.5499985262222944,0.3102416952664638,-0.041978139862256514
W0_rf_trend_2021,2021,rf_trend,11,18179,0.5717226294194795,0.6824907860718411,0.5500010637343051,0.5999913258312732,0.07357297804830668,-0.11076815665236162
W0_rf_trend_2021,2021,rf_trend,12,4320,0.6153776262591977,0.7189814814814814,0.6000037470831976,0.6499640526859021,0.01748364954995791,-0.10360385522228377
W0_rf_trend_2021,2021,rf_trend,13,40,0.6537848625969268,0.725,0.6500628543433755,0.6647916275559046,0.00016188564398109175,-0.07121513740307317
W0_incumbent_fixed_blend_trend_2021,2021,incumbent_fixed_blend_trend,7,93,0.3939558114302881,0.3333333333333333,0.3815047615177676,0.39993694639031513,0.0003763841222560383,0.06062247809695481
W0_incumbent_fixed_blend_trend_2021,2021,incumbent_fixed_blend_trend,8,16481,0.43769447761714525,0.4581032704326194,0.40014144292357345,0.44999976507237915,0.06670093246130933,-0.02040879281547414
W0_incumbent_fixed_blend_trend_2021,2021,incumbent_fixed_blend_trend,9,123360,0.47949226803643197,0.49734111543450066,0.4500001295515647,0.4999997108679643,0.49925532603768696,-0.01784884739806869
W0_incumbent_fixed_blend_trend_2021,2021,incumbent_fixed_blend_trend,10,81769,0.5205262132590972,0.5561765461238367,0.5000007168015133,0.5499984405563652,0.3309306805672473,-0.03565033286473951
W0_incumbent_fixed_blend_trend_2021,2021,incumbent_fixed_blend_trend,11,23114,0.5673494462246967,0.6774682010902483,0.5500013516728637,0.5999957065403245,0.09354561937447387,-0.11011875486555156
W0_incumbent_fixed_blend_trend_2021,2021,incumbent_fixed_blend_trend,12,2269,0.6143989617117559,0.6910533274570295,0.6000121905754958,0.6499381498789383,0.00918296315482743,-0.07665436574527362
W0_incumbent_fixed_blend_trend_2021,2021,incumbent_fixed_blend_trend,13,2,0.652957862094522,0.5,0.6509497215113319,0.6549660026777122,8.094282199054588e-06,0.152957862094522
W0_lgb_raw_2022,2022,lgb_raw,6,23,0.3431698903336489,0.34782608695652173,0.32586754788642636,0.3497915423452237,9.293980733173854e-05,-0.00465619662287281
W0_lgb_raw_2022,2022,lgb_raw,7,1391,0.3852842205782418,0.3838964773544213,0.3503507701994019,0.3999871199153786,0.005620837912976013,0.0013877432238205145
W0_lgb_raw_2022,2022,lgb_raw,8,7484,0.4310656103625422,0.42864778193479425,0.4000382445134547,0.4499959756378962,0.030241805133510054,0.002417828427747959
W0_lgb_raw_2022,2022,lgb_raw,9,53430,0.48368070378788236,0.47057832678270634,0.4500007827729556,0.49999873951177154,0.21590321329281698,0.013102377005176025
W0_lgb_raw_2022,2022,lgb_raw,10,118032,0.5218150896680314,0.5117256337264471,0.5000001449962904,0.5499980620322606,0.4769509277817288,0.01008945594158428
W0_lgb_raw_2022,2022,lgb_raw,11,34134,0.5709921436871568,0.5491884924122575,0.5500003775229596,0.5999987524575743,0.13793075580267666,0.02180365127489925
W0_lgb_raw_2022,2022,lgb_raw,12,10247,0.6259317163293774,0.6512149897530984,0.6000062884660777,0.6499968884737942,0.04140670459688369,-0.025283273423721053
W0_lgb_raw_2022,2022,lgb_raw,13,19957,0.6687797022011678,0.7096758029763992,0.650008497432635,0.6999744096816823,0.08064346673563069,-0.040896100775231425
W0_lgb_raw_2022,2022,lgb_raw,14,2707,0.7135219531558895,0.7281123014407093,0.7000032409303519,0.7499728724821872,0.010938611236826792,-0.014590348284819754
W0_lgb_raw_2022,2022,lgb_raw,15,67,0.755098688217693,0.7014925373134329,0.7512888462384536,0.7631334734084094,0.0002707376996185427,0.05360615090426013
W0_rf_raw_2022,2022,rf_raw,8,3648,0.44218452755944787,0.42023026315789475,0.41622595748188623,0.4499987248343472,0.0147410616150514,0.021954264401553125
W0_rf_raw_2022,2022,rf_raw,9,74637,0.48143551063960266,0.4671275640767984,0.45000254463878997,0.49999996282208964,0.3015977565138682,0.014307946562804263
W0_rf_raw_2022,2022,rf_raw,10,113921,0.5216182141195923,0.5190790108935139,0.5000014004933094,0.5499976050442908,0.4603389474364777,0.002539203226078368
W0_rf_raw_2022,2022,rf_raw,11,25440,0.5634812466829597,0.5618710691823899,0.5500015361210036,0.5999995063888921,0.1027995086312795,0.0016101775005697982
W0_rf_raw_2022,2022,rf_raw,12,8656,0.631762431111949,0.6898105360443623,0.6000093798471142,0.6499973098650962,0.03497769444624038,-0.0580481049324133
W0_rf_raw_2022,2022,rf_raw,13,16280,0.6735159602616085,0.7066339066339067,0.6500007334747917,0.699999209314776,0.06578522014611754,-0.033117946372298146
W0_rf_raw_2022,2022,rf_raw,14,4870,0.7157338193677671,0.7347022587268994,0.7000021761284617,0.7499881469617335,0.01967899398719855,-0.018968439359132283
W0_rf_raw_2022,2022,rf_raw,15,20,0.7522304324445088,0.7,0.750028802421469,0.7579822275141238,8.081722376672917e-05,0.05223043244450887
W0_blend_raw_2022,2022,blend_raw,8,3600,0.4392602855813537,0.3983333333333333,0.4029466703469632,0.4499972118921155,0.01454710027801125,0.0409269522480204
W0_blend_raw_2022,2022,blend_raw,9,69680,0.48320023869902556,0.4650832376578645,0.45000249823839933,0.49999973395457076,0.2815672076032844,0.01811700104116104
W0_blend_raw_2022,2022,blend_raw,10,115423,0.5214153468134929,0.5170979787390728,0.500000404580378,0.5499990311464626,0.46640832094135903,0.004317368074420069
W0_blend_raw_2022,2022,blend_raw,11,28660,0.5647587028886261,0.5599441730635032,0.5500003918127199,0.5999756592494396,0.1158110816577229,0.004814529825122871
W0_blend_raw_2022,2022,blend_raw,12,7952,0.6334556066234526,0.6908953722334004,0.6000159422622111,0.6499973350354271,0.03213292816965151,-0.05743976560994779
W0_blend_raw_2022,2022,blend_raw,13,19455,0.6722205691968435,0.7105114366486764,0.6500064287955706,0.6999964432380069,0.0786149544190858,-0.038290867451832966
W0_blend_raw_2022,2022,blend_raw,14,2698,0.7114430746723583,0.7409191994069682,0.7000073012020911,0.7494996297574601,0.010902243486131764,-0.02947612473460981
W0_blend_raw_2022,2022,blend_raw,15,4,0.7517631387025129,0.75,0.7509861255045958,0.7528043114366897,1.6163444753345834e-05,0.0017631387025128786
W0_lgb_trend_2022,2022,lgb_trend,6,238,0.3405377363049241,0.3907563025210084,0.30726487151891113,0.3499892350126649,0.000961724962824077,-0.05021856621608428
W0_lgb_trend_2022,2022,lgb_trend,7,3094,0.3824720171585091,0.4182288299935359,0.3500054581349983,0.39999628096153245,0.012502424516713002,-0.0357568128350268
W0_lgb_trend_2022,2022,lgb_trend,8,15231,0.4319550372673441,0.44363469240365044,0.4000110967077944,0.44999776362203475,0.0615463567595526,-0.011679655136306366
W0_lgb_trend_2022,2022,lgb_trend,9,105281,0.4801415034295182,0.4895945137299228,0.4500000756838942,0.4999998140848014,0.4254259067692507,-0.009453010300404574
W0_lgb_trend_2022,2022,lgb_trend,10,74474,0.5183777232541432,0.5272578349491097,0.5000004916725493,0.5499943487192626,0.3009390961401694,-0.008880111694966497
W0_lgb_trend_2022,2022,lgb_trend,11,20454,0.5684521868707334,0.5691796225677129,0.5500007938287618,0.5999919131914212,0.08265177474623392,-0.0007274356969795281
W0_lgb_trend_2022,2022,lgb_trend,12,18022,0.6333318804179124,0.7019198757074686,0.6000001072358113,0.6499954080771019,0.07282440033619965,-0.06858799528955617
W0_lgb_trend_2022,2022,lgb_trend,13,9835,0.6676556222012927,0.7138790035587189,0.6500057123256049,0.6998175160783491,0.039741869787289066,-0.04622338135742621
W0_lgb_trend_2022,2022,lgb_trend,14,843,0.713050840952827,0.7402135231316725,0.7000475277365369,0.7472377685245898,0.0034064459817676343,-0.027162682178845543
W0_rf_trend_2022,2022,rf_trend,7,9,0.3977834262086298,0.3333333333333333,0.3954912032062466,0.3998903626071844,3.6367750695028125e-05,0.06445009287529646
W0_rf_trend_2022,2022,rf_trend,8,21283,0.43845889674278454,0.4481041206596814,0.4001226281050618,0.4499994636897216,0.08600164867136484,-0.009645223916896872
W0_rf_trend_2022,2022,rf_trend,9,119090,0.4781038209721056,0.4911579477705937,0.45000068861904235,0.4999999647509346,0.4812261589189888,-0.013054126798488108
W0_rf_trend_2022,2022,rf_trend,10,72124,0.5198307003911955,0.5380733181742554,0.5000004489781842,0.5499983288160365,0.2914430723475787,-0.01824261778305991
W0_rf_trend_2022,2022,rf_trend,11,7017,0.5681308752719161,0.6076670941998005,0.5500067150903096,0.5999962097172588,0.028354722958556927,-0.03953621892788439
W0_rf_trend_2022,2022,rf_trend,12,13689,0.6287964370906378,0.700635546789393,0.6000015456748568,0.6499994514696106,0.05531534880713778,-0.07183910969875518
W0_rf_trend_2022,2022,rf_trend,13,12426,0.671052027369538,0.7081924995976179,0.6500056049391841,0.6999925242114035,0.05021174112626883,-0.037140472228079924
W0_rf_trend_2022,2022,rf_trend,14,1834,0.71167446179932,0.7622682660850599,0.700003416158114,0.7418577670366907,0.007410939419409065,-0.050593804285739896
W0_incumbent_fixed_blend_trend_2022,2022,incumbent_fixed_blend_trend,7,153,0.39566454132603474,0.32679738562091504,0.38255615108439545,0.3999851852807522,0.0006182517618154781,0.0688671557051197
W0_incumbent_fixed_blend_trend_2022,2022,incumbent_fixed_blend_trend,8,16017,0.43666582775831153,0.4314166198414185,0.4000545238911859,0.44999994294368195,0.06472247365358505,0.0052492079168930394
W0_incumbent_fixed_blend_trend_2022,2022,incumbent_fixed_blend_trend,9,118715,0.47830612317114635,0.4897190750958177,0.45000581025812036,0.4999999743369391,0.47971083597336267,-0.011412951924671344
W0_incumbent_fixed_blend_trend_2022,2022,incumbent_fixed_blend_trend,10,75217,0.5194652812707693,0.5355172367948735,0.5000001480723706,0.5499978194496268,0.3039414560031034,-0.01605195552410421
W0_incumbent_fixed_blend_trend_2022,2022,incumbent_fixed_blend_trend,11,8721,0.5644223242823505,0.5950005733287467,0.5500018092387324,0.5999997158601094,0.03524035042348225,-0.030578249046396166
W0_incumbent_fixed_blend_trend_2022,2022,incumbent_fixed_blend_trend,12,15316,0.631143734344754,0.7034473752938104,0.600004057719541,0.6499989173536929,0.06188982996056119,-0.07230364094905639
W0_incumbent_fixed_blend_trend_2022,2022,incumbent_fixed_blend_trend,13,12724,0.667629208874369,0.71471235460547,0.6500011287326526,0.6999921127017352,0.051415917760393094,-0.04708314573110095
W0_incumbent_fixed_blend_trend_2022,2022,incumbent_fixed_blend_trend,14,609,0.7081679839381586,0.7536945812807881,0.7000243749379192,0.7364550267475015,0.002460884463696903,-0.04552659734262954
W0_lgb_raw_2023,2023,lgb_raw,9,5596,0.4950757095121283,0.4437097927090779,0.47542178674066693,0.49997527941462766,0.022791976377151003,0.051365916803050415
W0_lgb_raw_2023,2023,lgb_raw,10,197376,0.5293450157230372,0.4984547260051881,0.5001315894062315,0.5499839968227961,0.8038936971795133,0.030890289717849073
W0_lgb_raw_2023,2023,lgb_raw,11,42553,0.5719823294416253,0.5143233144549151,0.5500004968933235,0.5983438363457875,0.17331432644333572,0.05765901498671022
W0_rf_raw_2023,2023,rf_raw,8,6405,0.44099545049931727,0.41795472287275565,0.41892319130490013,0.4499969319570644,0.02608695652173913,0.02304072762656162
W0_rf_raw_2023,2023,rf_raw,9,89190,0.48013177604842944,0.47231752438614194,0.45000324726613444,0.4999999435609061,0.3632623969045922,0.007814251662287497
W0_rf_raw_2023,2023,rf_raw,10,106305,0.5216470081848699,0.5219039555994544,0.5000000063078052,0.5499982928896106,0.43297016597087873,-0.0002569474145844852
W0_rf_raw_2023,2023,rf_raw,11,19550,0.5671288018799282,0.5643478260869565,0.5500043264549273,0.5999966469720003,0.07962529274004684,0.0027809757929716517
W0_rf_raw_2023,2023,rf_raw,12,14614,0.6291120623559143,0.46585465991514985,0.6000161638446443,0.6499994311812123,0.05952143366255982,0.16325740244076448
W0_rf_raw_2023,2023,rf_raw,13,8650,0.6679591450703124,0.4854335260115607,0.6500006745162189,0.6999935144892757,0.03523062824559617,0.1825256190587517
W0_rf_raw_2023,2023,rf_raw,14,811,0.7113906601095594,0.5277435265104808,0.7000094028215627,0.7427994524042353,0.003303125954587109,0.18364713359907858
W0_blend_raw_2023,2023,blend_raw,8,154,0.4484020515132664,0.3961038961038961,0.4443093806118466,0.44998632522402965,0.0006272273699215966,0.05229815540937027
W0_blend_raw_2023,2023,blend_raw,9,63773,0.48720771881859065,0.4566666143979427,0.45007174184079546,0.4999994013453327,0.2597413705325323,0.030541104420647947
W0_blend_raw_2023,2023,blend_raw,10,139346,0.5216875061395451,0.5155512178318717,0.5000006924557521,0.5499989294257677,0.5675430200590571,0.006136288307673321
W0_blend_raw_2023,2023,blend_raw,11,20605,0.5673976900638016,0.554234409123999,0.5500004049634905,0.5999950781666458,0.08392220751450973,0.013163280939802569
W0_blend_raw_2023,2023,blend_raw,12,19569,0.6228429275650162,0.47248198681588227,0.6000027451804293,0.6499912659791238,0.07970267793503716,0.15036094074913398
W0_blend_raw_2023,2023,blend_raw,13,2078,0.6598789345119175,0.5110683349374399,0.6500047426366414,0.6894707027428293,0.008463496588942063,0.14881059957447762
W0_lgb_trend_2023,2023,lgb_trend,9,6080,0.4942594471864824,0.4462171052631579,0.4741731002647804,0.4999483553950506,0.024763262396904594,0.048042341923324516
W0_lgb_trend_2023,2023,lgb_trend,10,198062,0.5282933661556962,0.49886904100736135,0.500061888591947,0.549980857305332,0.8066877100091641,0.029424325148334873
W0_lgb_trend_2023,2023,lgb_trend,11,41383,0.5713633223250771,0.5130609187347461,0.5500142659004063,0.5971398080160608,0.16854902759393137,0.05830240359033101
W0_rf_trend_2023,2023,rf_trend,8,7073,0.4406712682735852,0.41863424289551815,0.41770473716219303,0.44999994859675085,0.028807657061399043,0.022037025378067066
W0_rf_trend_2023,2023,rf_trend,9,91579,0.4797821153794682,0.4735037508599133,0.45000141211550887,0.49999996714217815,0.3729925669483759,0.00627836451955488
W0_rf_trend_2023,2023,rf_trend,10,104300,0.5213065742971934,0.5228859060402684,0.5000002802575227,0.549998405413976,0.4248039914468995,-0.0015793317430750076
W0_rf_trend_2023,2023,rf_trend,11,18647,0.5671001022731739,0.5640049337695071,0.5500002129204118,0.5999952825657401,0.07594745952550656,0.0030951685036667564
W0_rf_trend_2023,2023,rf_trend,12,14889,0.628841279754599,0.4671233796762711,0.6000088588761563,0.64998967542061,0.060641482537419814,0.16171790007832793
W0_rf_trend_2023,2023,rf_trend,13,8293,0.6680022495292959,0.4855902568431207,0.6500018930624828,0.6999855476001056,0.03377660116077792,0.1824119926861752
W0_rf_trend_2023,2023,rf_trend,14,744,0.7113443991907353,0.5268817204301075,0.7000317256090266,0.7418416204313597,0.00303024131962122,0.18446267876062783
W0_incumbent_fixed_blend_trend_2023,2023,incumbent_fixed_blend_trend,8,219,0.4478470805894931,0.3744292237442922,0.44307937933870406,0.4499873774741122,0.0008919661948885042,0.07341785684520086
W0_incumbent_fixed_blend_trend_2023,2023,incumbent_fixed_blend_trend,9,67824,0.4868093004909346,0.45799422033498466,0.4500229130976622,0.49999956305773446,0.2762407086854699,0.028815080155949968
W0_incumbent_fixed_blend_trend_2023,2023,incumbent_fixed_blend_trend,10,136392,0.5213217112316657,0.5172004223121591,0.5000004610801659,0.5499985500094504,0.5555116586905611,0.004121288919506583
W0_incumbent_fixed_blend_trend_2023,2023,incumbent_fixed_blend_trend,11,19860,0.567849449181155,0.5512588116817724,0.5500009873216748,0.5999963943985546,0.08088789328988902,0.01659063749938261
W0_incumbent_fixed_blend_trend_2023,2023,incumbent_fixed_blend_trend,12,19358,0.6224462027042833,0.47293108792230604,0.6000016586911507,0.6499999046897539,0.07884329498014458,0.14951511478197727
W0_incumbent_fixed_blend_trend_2023,2023,incumbent_fixed_blend_trend,13,1872,0.6597987856586873,0.5138888888888888,0.6500026505539567,0.6884240997989591,0.00762447815904694,0.14590989676979849
W0_lgb_raw_2024,2024,lgb_raw,6,55,0.3389124759236583,0.509090909090909,0.3177762538277255,0.3494327694244475,0.00021695653374463034,-0.17017843316725073
W0_lgb_raw_2024,2024,lgb_raw,7,1161,0.38533295266303164,0.4099913867355728,0.3500594097330647,0.39996363656583683,0.004579755194136651,-0.024658434072541147
W0_lgb_raw_2024,2024,lgb_raw,8,13591,0.4342804387422955,0.42940181002133765,0.40003342450714446,0.44999172383362523,0.053611931820423106,0.004878628720957845
W0_lgb_raw_2024,2024,lgb_raw,9,116943,0.48125980861558576,0.46620148277365897,0.45000041147495046,0.4999995362143518,0.4613008713763328,0.01505832584192679
W0_lgb_raw_2024,2024,lgb_raw,10,99120,0.5202776622494568,0.5025121065375303,0.500000210462716,0.5499986622966554,0.39099512045032286,0.017765555711926506
W0_lgb_raw_2024,2024,lgb_raw,11,20673,0.5710479428682689,0.5516857737145069,0.5500014938639881,0.5999704333747878,0.08154804403823168,0.019362169153761988
W0_lgb_raw_2024,2024,lgb_raw,12,1924,0.6092422805652685,0.5925155925155925,0.6000007277457845,0.6497892635378919,0.007589534016812159,0.01672668804967603
W0_lgb_raw_2024,2024,lgb_raw,13,40,0.6627746988550224,0.45,0.6501933957275745,0.6907941295098174,0.0001577865699960948,0.21277469885502237
W0_rf_raw_2024,2024,rf_raw,8,12131,0.44011016236121375,0.41744291484626167,0.40820823998084593,0.44999950079594725,0.047852722015565646,0.022667247514952082
W0_rf_raw_2024,2024,rf_raw,9,116389,0.4793418684725597,0.4620281985410992,0.4500025478218864,0.4999999522360829,0.4591155273818869,0.017313669931460496
W0_rf_raw_2024,2024,rf_raw,10,106142,0.5202962389616963,0.506284034595165,0.5000004589203426,0.5499988188139445,0.41869455281313733,0.014012204366531278
W0_rf_raw_2024,2024,rf_raw,11,18426,0.5671630937517078,0.5645826549441008,0.5500014263408906,0.5999900408634646,0.07268438346870106,0.002580438807607055
W0_rf_raw_2024,2024,rf_raw,12,419,0.602951504711576,0.5990453460620525,0.6000207323366845,0.6190458504883453,0.0016528143207090928,0.0039061586495234835
W0_blend_raw_2024,2024,blend_raw,7,19,0.39547449902203663,0.47368421052631576,0.38888297244039455,0.3999092415520767,7.494862074814503e-05,-0.07820971150427913
W0_blend_raw_2024,2024,blend_raw,8,8703,0.44007094972611077,0.4102033781454671,0.400268478332143,0.4499995741003079,0.03433041296690032,0.02986757158064368
W0_blend_raw_2024,2024,blend_raw,9,120500,0.4798324929253618,0.4613112033195021,0.450001023938837,0.499999914721827,0.47533204211323554,0.018521289605859692
W0_blend_raw_2024,2024,blend_raw,10,105703,0.5196600595895524,0.5056715514223816,0.5000001948019099,0.5499984247549831,0.41696284520743016,0.013988508167170788
W0_blend_raw_2024,2024,blend_raw,11,18263,0.5659464297940211,0.5702787055795872,0.5500008433605363,0.5999887586063206,0.07204140319596697,-0.004332275785566053
W0_blend_raw_2024,2024,blend_raw,12,319,0.6031450095593862,0.6206896551724138,0.6000038429430513,0.6252052794092744,0.0012583478957188558,-0.0175446456130276
W0_lgb_trend_2024,2024,lgb_trend,6,104,0.3361015488917932,0.46153846153846156,0.30726156037325,0.34971503574689133,0.00041024508198984644,-0.12543691264666834
W0_lgb_trend_2024,2024,lgb_trend,7,2139,0.38467335779549316,0.4165497896213184,0.3501544958540241,0.39997543545148473,0.008437636830541169,-0.031876431825825224
W0_lgb_trend_2024,2024,lgb_trend,8,22852,0.4334297650054582,0.4390425345702783,0.400006410171098,0.4499983375894023,0.09014346743876894,-0.005612769564820097
W0_lgb_trend_2024,2024,lgb_trend,9,140119,0.4767548360468326,0.4709853767155061,0.45000288549618744,0.49999916860903815,0.5527224100320701,0.005769459331326499
W0_lgb_trend_2024,2024,lgb_trend,10,72830,0.5181642493160967,0.5163531511739667,0.5000000596715983,0.5499911317960876,0.28728989732038956,0.0018110981421299854
W0_lgb_trend_2024,2024,lgb_trend,11,14892,0.5696918620058545,0.5593607305936074,0.5500003518927976,0.5999699155220386,0.05874394000954609,0.010331131412247174
W0_lgb_trend_2024,2024,lgb_trend,12,552,0.6113185201519963,0.5815217391304348,0.6000186159297093,0.6498360018867233,0.002177454665946108,0.02979678102156147
W0_lgb_trend_2024,2024,lgb_trend,13,19,0.6602156946532742,0.42105263157894735,0.6500538606473831,0.680243612179859,7.494862074814503e-05,0.2391630630743269
W0_rf_trend_2024,2024,rf_trend,7,11,0.3990213166793561,0.36363636363636365,0.3964400942773938,0.3999252675857284,4.339130674892606e-05,0.03538495304299244
W0_rf_trend_2024,2024,rf_trend,8,27305,0.43722818809808933,0.43449917597509613,0.40007104959446854,0.44999883268713414,0.1077090573435842,0.002729012122993202
W0_rf_trend_2024,2024,rf_trend,9,137886,0.4767719994942387,0.47186806492319744,0.4500002218817277,0.49999993548156596,0.5439139747620382,0.0049039345710412685
W0_rf_trend_2024,2024,rf_trend,10,76632,0.518174064434675,0.5160507359849671,0.5000009792157364,0.549994244200495,0.3022875107985184,0.002123328449707862
W0_rf_trend_2024,2024,rf_trend,11,11666,0.5634504223473968,0.5786902108691925,0.5500009442873283,0.5995461699108076,0.046018453139361044,-0.015239788521795639
W0_rf_trend_2024,2024,rf_trend,12,7,0.6020035159497711,0.2857142857142857,0.6000655439545514,0.6074384088179862,2.761264974931659e-05,0.3162892302354854
W0_incumbent_fixed_blend_trend_2024,2024,incumbent_fixed_blend_trend,7,99,0.3935410865146605,0.40404040404040403,0.3773801550282108,0.399886454429449,0.00039052176074033456,-0.010499317525743512
W0_incumbent_fixed_blend_trend_2024,2024,incumbent_fixed_blend_trend,8,22517,0.43847547167950773,0.4277656881467336,0.4000580528219575,0.4499998256168066,0.08882200491505166,0.01070978353277413
W0_incumbent_fixed_blend_trend_2024,2024,incumbent_fixed_blend_trend,9,144553,0.4767146945924694,0.46991069019667525,0.45000031657810097,0.4999999672508714,0.5702130513161372,0.00680400439579415
W0_incumbent_fixed_blend_trend_2024,2024,incumbent_fixed_blend_trend,10,75917,0.5181678804272017,0.5203050700106695,0.5000000926914427,0.549998032726367,0.29946707585983817,-0.002137189583467758
W0_incumbent_fixed_blend_trend_2024,2024,incumbent_fixed_blend_trend,11,10414,0.5630103098894094,0.5886306894565009,0.5500001982056768,0.5998870697687969,0.041079733498483276,-0.02562037956709151
W0_incumbent_fixed_blend_trend_2024,2024,incumbent_fixed_blend_trend,12,7,0.6056924935904879,0.2857142857142857,0.6001329459996102,0.613719380124019,2.761264974931659e-05,0.31997820787620224
