submission_id,submitted_at,name,package_sha256,local_validation,local_brier,public_score,runtime_seconds,model_summary,hypothesis,notes
35748,2026-08-05 22:54:39,submission1,77F96448A7149F385F3A800E9238957FD9940C434AD73F0EE14EB0DA6D47AB60,train_2019_2023_validate_2024,0.24846096110068522,749.5249490965,5,"LightGBM 0.35 + RandomForest 0.65; train-only recent-3-season logit trend","A diverse RF/LGB blend with a train-only global base-rate trend improves probability quality under temporal drift","Incumbent fixed for follow-up work. Local Skill 538.802 and Public Score are not directly comparable because the evaluation sets and reference base rates differ."
36908,2026-08-06 20:45:27,submission2,A2CFCD38108047FCD50F11D23F4F9E41C782378305A819F0F75FA8AD6A324D86,walk_forward_2021_2024,0.248335902199801,704.1257475401,5,"Incumbent RF/LGB blend plus frozen train-only game_type F logit offset -0.1079835303","The large 2023-2024 game_type F residual persists into the evaluation period","Public score was 45.3992015564 below the incumbent. The regime-carry hypothesis is rejected for deployment; do not tune the offset against this leaderboard result."
39023,2026-08-08 16:08:48,submission3 edit,FE368AF109EF0BB8103D728F45794A6192599B691BF08DF02A22F31BD2D438A7,walk_forward_2021_2024_hybrid_gate,,763.2665303697,9,"Half-life-1 recency RF plus rolling-damped Trackman LGB at 5%","The hybrid signal validated locally and generalized to the public evaluation period","filename=submit_v2.zip; public delta vs incumbent=+13.7415812732; candidate-specific local Brier unavailable; see submission_audit_20260809.md"
40116,2026-08-09 13:30:02,submission4 edit,6EE2CF45679F94C457A13B4FEFDCCADF3DF71E09B36F294CCF2A0EC6689C4579,walk_forward_2021_2024_hybrid_weight_probe,,761.9846367188,,"Half-life-1 recency RF plus rolling-damped Trackman LGB at 10%","Increasing Trackman weight from 5% to 10% should follow the predeclared local grid","Trackman weight expansion rejected: public delta vs v2=-1.2818936509; candidate-specific local Brier unavailable; see submission_audit_20260809.md"
40149,2026-08-09 14:20:28,submission5 edit,7D41C2AEA487F772DF878CD53DEFB79EE9C1AFD9BF6EE2968EC8ECA19EE54E6A,walk_forward_2021_2024_r_only_probe,,743.6520325296,5,"v2 plus regular-season-only RF at 25%; Trackman disabled","R-only RF was locally positive on the frozen walk-forward cache","Public delta vs v2=-19.6144978401; reject the R-only replacement; candidate-specific local Brier unavailable; see submission_audit_20260809.md"
40151,2026-08-09 14:21:09,submission6 edit,0EF5A2E393D796243F8D2F834C6C9C3E78FB77A942E71CB1FCC09046C333907C,walk_forward_2021_2024_r_only_trackman_probe,,741.0198690607,9,"v2 plus regular-season-only RF at 25% and TrackMan at 5%","R-only RF and TrackMan interaction probe","Public delta vs v2=-22.2466613090; reject both changes; candidate-specific local Brier unavailable; see submission_audit_20260809.md"
1532352,2026-08-15 11:11:53,v13 strict exact-ASOF overlay,D8CB028806223610A8F61AF961CDFBA11B50282D08A029F4C285D732E10E1283,strict_temporal_2021_2024_and_archive_gate,,1068.4365711741,,"v11 parent; exact-ASOF LightGBM/Ridge plus centered stable Ridge on R_CORE; exact-ASOF LightGBM on F; R_ANCHOR protected","Current-season evidence separated from career ASOF counters transfers across seasons while domain routing protects the anchor change point","Public delta vs v11=+43.8500585794; rank 121; all validation gates passed; filename=submit_v13_fixed.zip"
50033,2026-08-16 00:01:32,submission17 edit,A327740E5AB995F48832B0D514EC7330F5B73EDDCD81407E8BE3326385CCD595,local_evaluation_v2_pressure_eb_2023_2024,,1093.3213473808,16,"v14 parent; multi-season empirical-Bayes R_CORE residual keyed by pitcher_id x batter_hand x pressure; alpha 3200; correction weight 1.5","Pitcher command residuals persist by opponent handedness and count pressure while strong partial pooling controls variance","filename=submit_v17.zip; Public delta vs v13=+24.8847762067; new champion; 1100 gap=6.6786526192; schedule selected"
50048,2026-08-16 00:03:21,submission18 edit,1994990405D230DEDC57C03416C7461B88B0CE88C65E212EC7FD20B466EBF33B,local_evaluation_v2_pressure_eb_plus_aggressive_f_2023_2024,,1090.4672420401,,"v15 parent; same pressure EB R_CORE residual as v17 plus aggressive F trend alpha 0.35","The stronger post-break F trend may add to the publicly useful pressure residual axis","filename=submit_v18.zip; Public delta vs v13=+22.0306708660; delta vs v17=-2.8541053407; aggressive F expansion rejected"
1533965,2026-08-16 13:12:45,submit_v19 joint state mode,B12070D8017AE6A78BFC056F392BACDA931F8ED7439AA9821880FC986CE962B2,target1150_joint_state_mode_2023_2024,,1144.1518063753,,"v17 parent; multi-year row-local state ensemble plus latent failure-mode routing across R_CORE/R_ANCHOR/F","Frozen 2019-2024 state and failure-mode signals transfer to evaluation rows while preserving row independence and domain-specific safeguards","filename=submit_v19.zip; API isSubmitted=true detail=Success; Public delta vs v17=+50.8304589945; rank=16; target 1150 gap=5.8481936247; local full benchmark=58.051s peak=1423.086MB; all 11 package gates passed"
1534122,2026-08-16 15:47:28,submit_v20 target1160 challenger,4E50A6B7C7D970AF9B8A3656C4D87F2A7D856321C53416E831C4B8E5B01BAE29,target1160_v20_forward_2023_2024,,1151.472428719,93.274,"v19 parent; three empirical-Bayes residual lookups plus latent failure-mode and PFD soft-label student delta","Strongly pooled pitcher/team/count residuals and training-only TrackMan privileged distillation add orthogonal command information to v19","filename=submit_v20.zip; API isSubmitted=true detail=Success; Public delta vs v19=+7.3206223437; rank=12; target 1160 gap=8.5275712810; peak=1434.9MiB; all 12 package gates passed; one daily submission remained"
1534213,2026-08-16 17:07:09,submit_v21 context-state recency EB,125330E9A2D99532025B0FD1ED845390C7C12D7A3A9383B26FD430F7B795D049,v21_three_axis_forward_and_cluster_bootstrap,,1151.5138356157,51.120,"v20 parent; six frozen recency-weighted empirical-Bayes maps over pitcher recent-control state and count context","Pitcher handedness-specific recent command state and count/inning context should correct residual structure left by v20 without using other test rows","filename=submit_v21.zip; API isSubmitted=true detail=Success; Public delta vs v20=+0.0414068967; rank=12; target 1160 gap=8.4861643843; top10 gap=6.4456139434; local gain vs v20=+10.7719848474; pitcher bootstrap p05=+3.1600584052; all 12 package gates and 77 tests passed; daily submissions remaining=0"
,2026-08-17 00:55:59,submit_v22 low-variance domain calibration ASOF,FB12FC236B82E6D72D1A870F3F8C52CBD8C5D79D31E3F0E98193E0F648BB47B7,v22_three_axis_forward_monthly_and_package_gate,,1153.0436023798,75.271,"v21 parent; low-degree domain shrinkage toward fixed anchors plus row-local 75% pitcher and 25% batter ASOF success prior","Low-variance domain calibration and current-row ASOF priors add a transferable signal without test-row aggregation","filename=submit_v22.zip; submission ID unavailable in leaderboard response; displayed score=1153.043623; Public delta vs v21=+1.5297667641; rank=12; top10 gap=4.9158471793; target 1200 gap=46.9563976202; local minimum gain vs v21=+4.6215462587; transfer ratio=33.1008%; all 13 package gates and 85 tests passed; same-family strength tuning stopped by preregistered 0-to-3 branch"
1535141,2026-08-17 03:37:45,submit_v25 postbreak R_ANCHOR,60CF13B28AF01B24A49E2B03E13161F2E04A1C09647D8DA2CFD95407ED9335B1,v25_postbreak_anchor_three_axis,,1155.8293405409,58.862,"v22 parent; 2024-only spline-logistic direct probability blended 7.5% on R_ANCHOR only","A post-break row-local direct model supplies transferable residual signal in the team-13 regular-season domain while protecting R_CORE and F","filename=submit_v25.zip; API isSubmitted=true detail=Success; Public delta vs v22=+2.7857381611; rank=12; top10 gap=2.1301090182; target 1200 gap=44.1706594591; selection/outer/replication gains=+31.4866/+1.7500/+0.8211; all 13 package gates and 112 tests passed"
51773,2026-08-17 05:08:58,submit_v26 R_ANCHOR 15pct probe,8BE26E156A91C1FA5E9989EEE5043DB5992A960DF35A53D8A9BFEF7E6825D096,v26_same_axis_weight_probe,,1157.9736407889,56.240,"v25 signal at 15% on R_ANCHOR","The officially permitted symmetric weight probe may locate additional Public gain","filename=submit_v26.zip; CORRECTED 2026-08-18: official DACON submission history shows submission ID 51773, submitted 05:08:58, Public 1157.9736407889 -- this is the actual champion, not rejected. Original entry mislabeled this row as below v25; see notebooks/v26_champion_reproduction.ipynb"
51775,2026-08-17 05:14:03,submit_v27 R_ANCHOR 10pct probe,CEFC91F4F8EBBA32EE8025816319F32C95023CB59EA70741176A98FB7A172385,v27_same_axis_weight_probe,,1156.6153781694,56.882,"v25 signal at 10% on R_ANCHOR","The bracket between 7.5% and 15% contains a better Public blend strength","filename=submit_v27.zip; CORRECTED 2026-08-18: official DACON submission history shows submission ID 51775, submitted 05:14:03, Public 1156.6153781694 -- below v26 (1157.9736407889), not champion. Original entry swapped this row's score with v26's; see notebooks/v26_champion_reproduction.ipynb"
51783,2026-08-17 05:54:23,submit_v28 low-DOF anchor hand route,0BC160CDE072702D8C137F934497212407FF93E9AC33FEAE8199EC13C4D472D5,v29_anchor_route_three_axis,,1156.9983034655,56.789,"v27 parent; R_ANCHOR pitcher_hand=1 eta 0.125 and all other rows unchanged","A one-split handedness route may capture stable heterogeneity in the direct-probability signal","filename=submit_v28.zip; CORRECTED 2026-08-18: official DACON submission history shows submission ID 51783, submitted 05:54:23, Public 1156.9983034655 -- below actual champion v26 (1157.9736407889), not v27 ID 1535195 (fictitious). Still rejected, just against the wrong champion; local gains=+2.5095/+0.2676/+0.3206; all 13 package gates passed"
,2026-08-19 00:56:01,0819_jy TrackMan-ASOF gate,007729EAC947AEFD763A40D45E684DD6FE3F444292D1C15D970D48B72941AA08,0819_trackman_asof_shrink_gate_audit,,1158.0745556751,,"v26 parent; final R_ANCHOR-only TrackMan pitcher-profile confidence gate shrinks prediction toward ASOF prior at eta=0.03","TrackMan coverage should identify R_ANCHOR rows where the strong v26 prediction benefits from a tiny row-local ASOF reliability shrink","filename=0819_3_tmgate03.zip; Public delta vs v26=+0.1009148862; eta=0.01 scored 1158.0201910845; flat pressure variant rejected by local audit; branch recipe is baked into src/package_v26_anchor_weight_probe.py with default output 0819_jy_tmgate03.zip"
,2026-08-22 14:19:08,submit_v82_probe EXP021 strict R_CORE,6F6B208EAA7D71BA8F9AC1E60C5CF0E23011F09FD35A639CD66B2912FCDB4AB1,v82_pre2024_consensus_final_parent_reaudit,,1159.33522,58.794,"standalone 1158 parent; EXP-021 strict probability blend 10% on R_CORE; R_ANCHOR/F protected","An independently implemented chronological strict model adds transferable R_CORE resolution above the TrackMan-ASOF champion","filename=submit_v82_probe.zip; API isSubmitted=true detail=Success; submission ID unavailable; Public delta vs 1158=+1.2606643249; rank=13; submission count=28; local full-2024 gain=+1.2596972212; transfer ratio=1.000767727; promoted as standalone_champion_1159.zip"
59988,2026-08-22 14:50:56,submit_v84 fixed v56 shared FM F-route,C033FC38A5F9681E45B0BD2494359B8BD1387EE44E5F318C5B7A5547CFE6C4F7,v84_conditional_headroom_above_v82,,1161.2020600422,41.000,"standalone Public-1159 parent; rank-16 source-domain-balanced shared pairwise FM; logit eta 0.10 on F only; R protected","A temporally shared interaction model may add F-domain resolution independently of the parent R_CORE correction","filename=submit_v84_probe.zip; API isSubmitted=true detail=Success; Public delta vs exact v82=+1.8668360921; official runtime=41s; rank=13; submission count=29; leaderboard record ID=1543508; local conditional full/late-2024 gains=+1.0181/+2.9166; local standalone 245789-row proxy=68.218s; formula error=5.55e-17; shuffle/partition=0; promoted as standalone_champion_1161.zip; fixed F recipe is frozen against Public retuning"
60626,2026-08-22 23:06:48,submit_v104 source-stability mask over v84,0C3B6A9D88D31D9AC32FB43FFD642FA07BFCC3367699FA71841E35188FBDA0BA,v104_source_stability_multi_origin_audit,,1162.6302840289,48.000,"standalone Public-1161 parent; independent two-window rank-16 FM plus paired conditional-minus-baseline LightGBM correction at eta 0.10 on R_CORE; majority-two count/history/platoon stability mask","Source-stable R_CORE subgroups can accept orthogonal interaction and conditional corrections while preserving unstable and non-R_CORE rows","filename=submit_v104_probe.zip; API isSubmitted=true detail=Success; Public delta vs v84=+1.4282239867; official runtime=48s; rank=13; submission count=30; local full22/late23/full24/late24 gains=+9.9172/+8.1216/+3.2162/+2.5868; local full24 crossed p05=-2.476 and Reality p=.117 were preregistered risks; package protected/shuffle/partition max abs=0; 245789-row proxy=80.485s; promoted as standalone_champion_1162.zip; Public result must not be used to retune the same recipe"
,2026-08-23 02:23:05,submit_v116 cross-origin ridged failure prior,44D7C1C2104A5795E42BE7FB22E03AA106D9AB8D8877F68A7800D65BC7733FF6,v116_failure_prior_component_ridge,,1161.5978,,"standalone Public-1162 parent; historical pitch-type x pitcher x batter-hand x count reverse/middle/wayoff failure components; cross-origin ridge weights on R_CORE","A low-dimensional baseball failure prior selected only across 2022 and late-2023 may add temporally stable resolution above v104","filename=submit_v116.zip; API isSubmitted=true detail=Success; score supplied from user submission UI; official best-only leaderboard remains v104; Public delta vs v104=-1.0324840289; local full22/late23/full24/late24 gains=+3.6698/+12.1839/+5.4305/+6.2139; 7/8 full24 months positive but pitcher/crossed robust p05 negative; 245789-row proxy=115.887s; formula/shuffle/partition/release audits passed; rejected and failure-prior family closed without Public retuning"
,2026-08-23 10:38:27,submit_v124 multi-axis public quadratic stack,5E6E961717A527AA39DDF7FD2447ED6E08BFFB4CDBF80D0024AE761ADE3A193A,v124_public_quadratic_stack_audit,,1164.2949203402,,"v104 parent; pre-registered historical Public-quadratic doses applied to six nested recipe parameters","Established same-axis Public response curves may recover remaining gain while preserving the independent v82/v84/v104 outer stack","filename=submit_v124.zip; API isSubmitted=true detail=Success; official leaderboard submission ID=1544631; Public delta vs v104=+1.6646363113; new official champion; target gap=5.7050796598; projected Public 1171.45-1171.67 was falsified because upstream v17/v20/v21/v22 recipe edits are not fixed additive directions after incumbent-dependent v19 gating; 245789-row proxy=78.812s; formula/shuffle/partition/release audits passed"
1544738,2026-08-23 12:59:58,submit_v142 absolute H1 sign-stable C3,E38690AED1F9A2BEFFB9C8290D70A6F902D6C86447E10C64F652720CF7693D0A,v142_v141_submission_package_audit,,1169.6277932822,,"v124 parent; 15% independent public-recipe H1 plus sign-all prior-season C3 at eta 0.5 on R_CORE","Independent H1 model resolution and sign-stable pitcher context contrasts transfer above the frozen v124 parent","filename=submit_v142.zip; API isSubmitted=true detail=Success; Public delta vs v124=+5.3328729420; rank=10; submission count=33; target gap=0.3722067178; locked full/late-2024 gains vs v124=+6.9431/+12.5332; 245789-row proxy=97.323s; formula/inactive/shuffle/partition max abs <=1.11e-16"
1544757,2026-08-23 13:22:20,submit_v148 conservative v142-v138 bridge,7A27BE5878A79934544C741F283C139D40FB20484D52DB494928BCBE27E1E337,v148_v142_v138_blend_package_audit,,1170.3014697177,,"15% bridge from v142 sign-all consensus toward v138 mean-recent branch; intermediate nested doses and C3 consensus blended on R_CORE","A small low-DOF bridge can recover extra late-season resolution while preserving the stable v142 parent and inactive domains","filename=submit_v148.zip; API isSubmitted=true detail=Success; official leaderboard submission ID=1544757; Public delta vs v142=+0.6736764355; delta vs v124=+6.0065493775; target exceeded by 0.3014697177; rank=9; submission count=34; local full/late incremental gains vs v142=+0.7192/+1.2433; local worst-month incremental=-1.2404; 245789-row proxy=88.890s; formula/inactive/shuffle/partition max abs <=1.11e-16; promoted as Public-1170 champion"
61440,2026-08-23 15:09:43,submit_v154 distilled May maturity bridge,979904DB258A15DDEC65024359DB152269B103567D59C93F75E57DA3E39A5C42,v154_maturity_delta_submission_package_audit,,1168.4038526829,,"85% v142-to-v138 bridge; May rows revert toward v124 through an outcome-free LightGBM distillation of the frozen v124-minus-intermediate delta","A source-replicated May maturity gate can retain the high-resolution bridge outside May while protecting the least stable in-season transition","filename=submit_v154.zip; API isSubmitted=true detail=Success; submission count increased 34->35; individual score confirmed later via submission_id=61440: Public=1168.4038526829; delta vs v148=-1.8976170348; delta vs v142=-1.2239405993; REJECTED, not promoted; estimated Public conservative/centre/optimistic=1172.6022/1173.1802/1173.6802 were wrong in direction and magnitude (~4.2pt miss on conservative bound); held-out May delta RMSE=.0019841 R2=.73456; exact gate gain retention=93.7982%; raw scale runtime=230.753s under 2.761x local slowdown; matched-v148 normalized=83.583s; formula/shuffle/partition max abs <=1.11e-16; v152 exact analogue (weight=0.85, same v142-to-v138 bridge axis) carries the same rejected hypothesis and is not eligible for repackaging without new evidence"
1547707,2026-08-25 01:39:32,submit_v167 fixed original H1 affine,30DD28F56723EC0F560C9101FC5A94EF78568F874DCA88BF808879831E61C8C1,v157_v158_v160_exact_deployed_contract_and_v167_package_audit,,1172.0772380321,88.498,"v148 parent; restore the original fixed H1 affine alpha=1.09 center=0.5854452601930041 on R_CORE; all other members and routes preserved","The original H1 affine was reset to identity under a mismatched proxy-OOF contract; exact deployed-recipe OOF shows positive locked gain","filename=submit_v167.zip; API isSubmitted=true detail=Success; official leaderboard submission ID=1547707; Public delta vs v148=+1.7757683144; rank=11 at confirmation; submission count=49; target-1180 gap=7.9227619679; exact-v148 locked gain=+2.1532287780 but source stability and bootstrap gates failed; user-authorized exploratory submission; deterministic rebuild SHA matched; 89 members with only model/h1/model/rf.pkl changed; formula/inactive/shuffle/partition max abs <=1.11e-16; 245789-row proxy=88.4978s; promoted as Public-1172 champion without retuning from Public"
,2026-08-28 03:38:21,submit_jy_runners_high_li_bridge027,4C924E046091304BFC73B50BE51110BDF1351DFD9B577738CC6B65A8DFF43C9E,jy_runners_high_li_bridge027_public_result_20260828,,1172.1373858439,,"v167/main submit locked as base; R_CORE rows with runners on or li>=1.5 receive bridge025 scaled 1.2 plus H1 0.16 and C3 recent025; all other rows reproduce main submit","Sequential row-local game-state gate keeps the Public-positive runners_on signal, adds high-LI only, rejects pressure_count, and uses the best locked-2024 bridge scale from the grid","filename=submit_jy_runners_high_li_bridge027.zip; Public delta vs v167=+0.0601478118; delta vs submit_jy_runners_gate=+0.0173919396; target-1180 gap=7.8626141561; structural audit passed; protected max abs delta=0.0; active fraction in probe=0.625; SHA stored under submissions/releases/jy_runners_high_li_bridge027"
71754,2026-08-28 14:59:16,submit_v180 source-stable signed stack,91CA020EFA776BA12BF50630FCE533A06EE6E6984FD89C26E5C20BB5FFB5AAC4,v178_signed_stack_rebase_and_v180_package_audit,,1172.0987352738,,"current JY parent plus frozen v165 signed combination of v114, v131, v135, and v160 components at source-selected scale 0.25 on row-local eligible routes","A signed combination of diverse frozen OOF errors that passes two source windows, locked 2024, three bootstrap schemes, and a limited Reality Check may transfer above current JY","filename=submit_v180.zip; score and submission ID supplied from user DACON UI; Public delta vs current JY champion=-0.0386505701; delta vs v167=+0.0214972417; target-1180 gap=7.9012647262; REJECTED and not promoted; local full22/late23/locked24 gains=+0.748373/+0.617614/+0.193590; pitcher/crossed/chronological p05 all positive; Reality Check p=.002499; local 245789-row scale runtime=177.248s; formula/current-parent parity <=5.55e-17; singleton/shuffle/partition <=1.67e-16; existing champion preserved; no Public retuning"
