origin,mapping,confidence,n_rows,mean_distance,mean_margin,mean_rank,status,rho_mean,rho_p05,entropy_mean,repeats
2020,1->Left_2->Right (legacy hard mapping),high,137,0.034734288972844696,0.035547951080358624,1.094890510948905,diagnostic_only; mapping alternatives require annual fingerprints,,,,
2020,1->Left_2->Right (legacy hard mapping),low,25,0.15150153146736894,0.03136666813641875,1.4,diagnostic_only; mapping alternatives require annual fingerprints,,,,
2020,1->Left_2->Right (legacy hard mapping),medium,68,0.08156999052877695,0.02705097946220516,1.4558823529411764,diagnostic_only; mapping alternatives require annual fingerprints,,,,
2020,1->Left_2->Right (legacy hard mapping),unmatched,125,0.15513590465980395,0.025254659364383168,6.912,diagnostic_only; mapping alternatives require annual fingerprints,,,,
2021,1->Left_2->Right (legacy hard mapping),high,125,0.03658712505567141,0.05646900580940145,1.024,diagnostic_only; mapping alternatives require annual fingerprints,,,,
2021,1->Left_2->Right (legacy hard mapping),low,77,0.14798791080439572,0.03557848678575925,1.4805194805194806,diagnostic_only; mapping alternatives require annual fingerprints,,,,
2021,1->Left_2->Right (legacy hard mapping),medium,138,0.08463325404942626,0.029524357668459365,1.2971014492753623,diagnostic_only; mapping alternatives require annual fingerprints,,,,
2021,1->Left_2->Right (legacy hard mapping),unmatched,125,0.18476662113192488,0.025691045064372173,5.432,diagnostic_only; mapping alternatives require annual fingerprints,,,,
2022,1->Left_2->Right (legacy hard mapping),high,126,0.034679906852980044,0.0688032231311042,1.0317460317460319,diagnostic_only; mapping alternatives require annual fingerprints,,,,
2022,1->Left_2->Right (legacy hard mapping),low,101,0.15383460545588912,0.034907188541922256,1.3663366336633664,diagnostic_only; mapping alternatives require annual fingerprints,,,,
2022,1->Left_2->Right (legacy hard mapping),medium,170,0.08811876456256688,0.03696810801426508,1.1705882352941177,diagnostic_only; mapping alternatives require annual fingerprints,,,,
2022,1->Left_2->Right (legacy hard mapping),unmatched,163,0.20484023043346405,0.02347905047614518,5.736196319018405,diagnostic_only; mapping alternatives require annual fingerprints,,,,
2023,1->Left_2->Right (legacy hard mapping),high,113,0.034357050472958485,0.08527084958503653,1.0176991150442478,diagnostic_only; mapping alternatives require annual fingerprints,,,,
2023,1->Left_2->Right (legacy hard mapping),low,142,0.15355062155155347,0.034266712638180416,1.380281690140845,diagnostic_only; mapping alternatives require annual fingerprints,,,,
2023,1->Left_2->Right (legacy hard mapping),medium,159,0.0880564313557946,0.04640219614335838,1.1320754716981132,diagnostic_only; mapping alternatives require annual fingerprints,,,,
2023,1->Left_2->Right (legacy hard mapping),unmatched,234,0.23136133696663397,0.03139857532710209,6.012820512820513,diagnostic_only; mapping alternatives require annual fingerprints,,,,
2024,1->Left_2->Right (legacy hard mapping),high,115,0.03401823138114442,0.09093696380008444,1.008695652173913,diagnostic_only; mapping alternatives require annual fingerprints,,,,
2024,1->Left_2->Right (legacy hard mapping),low,173,0.15731964288386557,0.035570371000065125,1.439306358381503,diagnostic_only; mapping alternatives require annual fingerprints,,,,
2024,1->Left_2->Right (legacy hard mapping),medium,158,0.08797663884094609,0.053558328990729036,1.0886075949367089,diagnostic_only; mapping alternatives require annual fingerprints,,,,
2024,1->Left_2->Right (legacy hard mapping),unmatched,265,0.23700810127381733,0.027779603838852234,6.275471698113208,diagnostic_only; mapping alternatives require annual fingerprints,,,,
2025,1->Left_2->Right (legacy hard mapping),high,127,0.03483714453449978,0.09528528656449506,1.0,diagnostic_only; mapping alternatives require annual fingerprints,,,,
2025,1->Left_2->Right (legacy hard mapping),low,189,0.15649203346781812,0.031941131545397905,1.3756613756613756,diagnostic_only; mapping alternatives require annual fingerprints,,,,
2025,1->Left_2->Right (legacy hard mapping),medium,163,0.08991548779505136,0.054878163872987884,1.1042944785276074,diagnostic_only; mapping alternatives require annual fingerprints,,,,
2025,1->Left_2->Right (legacy hard mapping),unmatched,313,0.23682275078822423,0.02617272538039663,6.166134185303514,diagnostic_only; mapping alternatives require annual fingerprints,,,,
bootstrap_smoke,cost-matrix-soft-Hungarian,all,64,0.012139423621622882,,,bootstrap utility smoke test; no outcome used,0.22703125000000002,0.13075,3.523330546472963,200.0
