submission_id,title,submitted_at,file,score,one_minus_nmae,ficr,notes
1473991,LGBM v1 - spatial weather features + time holdout calibration,2026-07-06 22:58:18,lgbm_v1.csv,0.6352790723,0.8741552448,0.3964028998,First public leaderboard submission
1476563,Hybrid LGBM + CatBoost group3 half calibration,2026-07-07 22:26:40,hybrid_lgbm_cat_g3_half_cal.csv,0.6358853777,0.8740510337,0.3977197217,Half validation calibration; +0.0006063054 vs v1
1476564,Hybrid LGBM + CatBoost group3 full calibration,2026-07-07 22:27:12,hybrid_lgbm_cat_g3_full_cal.csv,0.6366019333,0.8736225508,0.3995813158,+0.0013228610 vs v1
1476569,Hybrid LGBM + CatBoost group3 calibration 1.25,2026-07-07 22:29:27,hybrid_lgbm_cat_g3_cal125.csv,0.6367222443,0.8730264358,0.4004180529,Best public so far; +0.0014431720 vs v1
1476571,Hybrid LGBM + CatBoost group3 calibration 1.50,2026-07-07 22:29:57,hybrid_lgbm_cat_g3_cal150.csv,0.6355476403,0.8722118983,0.3988833824,Over-calibrated; score dropped despite FICR above v1
1476577,Hybrid LGBM + CatBoost group3 calibration 1.20,2026-07-07 22:33:08,hybrid_lgbm_cat_g3_cal120.csv,0.6364601739,0.8731637597,0.3997565881,FICR derived from score and 1-NMAE; below cal125 by 0.0002620704
1477436,Blend v1 mix50 cal125,2026-07-08 07:46:09,blend_v1_mix50_cal125.csv,0.6390450795,0.8745955866,0.4034945724,Blend hedge; +0.0023228352 vs cal125
1477441,Blend v1 metric optimized,2026-07-08 07:47:10,blend_v1.csv,0.6394982166,0.8752066646,0.4037897687,Best public so far; +0.0027759723 vs cal125
1477445,Blend v1 over110 cal125,2026-07-08 07:49:33,blend_v1_over110_cal125.csv,0.6398927384,0.8752047108,0.4045807659,Best public so far; +0.0003945218 vs blend_v1
1478708,Blend v1 over115 cal125,2026-07-08 21:19:50,blend_v1_over115_cal125.csv,0.6398981745,0.8751878268,0.4046085222,Best public so far; essentially tied with over110
1478711,Blend v1 over120 cal125,2026-07-08 21:20:38,blend_v1_over120_cal125.csv,0.6396174227,0.8751591011,0.4040757444,Extrapolation past 1.15 starts to degrade
1480959,Blend over115 scada stack5,2026-07-09 21:15:15,blend_over115_scada_stack5.csv,0.6402652274,0.8753153766,0.4052150782,Best public so far; SCADA proxy stack signal confirmed
1480964,Blend over115 scada stack10,2026-07-09 21:17:44,blend_over115_scada_stack10.csv,0.6397287088,0.8754003341,0.4040570835,SCADA stack over-mix; 1-NMAE improved but FICR dropped
1481028,Blend stack5 powercurve sel5 g12 t06,2026-07-09 21:58:05,blend_stack5_powercurve_sel5_g12_t06.csv,0.6400608956,0.8752921560,0.4048296351,Power-curve selective injection failed; FICR dropped vs stack5
1481059,Blend over115 scada stack4,2026-07-09 22:14:46,blend_over115_scada_stack4.csv,0.6402123189,0.8752932341,0.4051314036,Below stack5; global SCADA stack weight 5% remains the peak among 4/5/10
1488084,Blend stack5 weighted g12 2 agree4,2026-07-12 23:22:15,blend_stack5_weighted_g12_2_agree4.csv,0.6403102237,0.8753191781,0.4053012693,New public best; +0.0000449963 vs stack5 and both 1-NMAE/FICR improved
1488631,Best turbine G3 10 agree10,2026-07-13 07:06:07,blend_best_turbine_g3_10_agree10.csv,0.6401243372,0.8751815837,0.4050670908,Failed G3 direction probe; -0.0001858865 vs best with both 1-NMAE and FICR lower
1488632,Best antiturbine G3 10 agree10,2026-07-13 07:09:12,blend_best_antiturbine_g3_10_agree10.csv,0.6400644769,0.8754264537,0.4047025001,Reverse G3 probe improved 1-NMAE but FICR collapsed; -0.0002457468 vs best and turbine family rejected
,Best crossgroup G3 25 agree8 delta6,2026-07-13 07:44:04,blend_best_crossg3_25_agree8_delta6.csv,0.6414690556,0.8754254686,0.4075126426,New public best; +0.0011588319 with both 1-NMAE and FICR improved
1489614,Best crossgroup G3 45 agree8 delta8,2026-07-13 22:18:06,blend_best_crossg3_45_agree8_delta8.csv,0.6414589725,0.8756124561,0.4073054888,Plateau; 1-NMAE improved but FICR fell and score was -0.0000100831 vs submission20
1491284,Best crossgroup trajectory G3 5 cons2,2026-07-14 22:15:37,blend_best_crossg3_traj5_consensus.csv,0.6414800049,0.8754395685,0.4075204413,New public best but saturated; +0.0000109493 score with only +0.0000140999 1-NMAE and +0.0000077987 FICR vs submission20
1494307,submission24 edit,2026-07-17 12:35:35,blend_best_crossg3_traj_meta25_p55.csv,0.6416553726,0.8754552834,0.4078554618,New public best; +0.0001753677 score with +0.0000157149 1-NMAE and +0.0003350205 FICR vs submission23
1494535,submission25 edit,2026-07-17 18:11:40,blend_best_phase_regime_crossg3.csv,0.6411378997,0.8756126769,0.4066631226,Rejected structural probe; -0.0005174729 score vs 1494307 despite +0.0001573935 1-NMAE because FICR fell -0.0011923392
1494668,submission26 edit,2026-07-17 22:04:25,blend_best_settlement_composite.csv,0.6377660509,0.8714368889,0.4040952129,Rejected composite probe; -0.0038893217 score vs 1494307 with both 1-NMAE (-0.0040183945) and FICR (-0.0037602489) lower
1494670,submission27 edit,2026-07-17 22:05:11,blend_best_crossg3_traj_meta_finesweep.csv,0.6417471627,0.8754733572,0.4080209682,New public best; +0.0000917901 score vs 1494307 with +0.0000180738 1-NMAE and +0.0001655064 FICR
1494986,submission28 edit,2026-07-18 11:03:16,blend_best_spatiotemporal_multitask20.csv,0.6415388286,0.8755529915,0.4075246656,Rejected structural blend; -0.0002083341 score vs 1494670 despite +0.0000796343 1-NMAE because FICR fell -0.0004963026
1495095,submission29 edit,2026-07-18 14:57:15,submission_scada_g12_controlled_g3_monthmask_meta.csv,0.6389115671,0.8719628694,0.4058602647,Rejected full-coverage affine composite; -0.0028355956 score vs 1494670 with both 1-NMAE (-0.0035104878) and FICR (-0.0021607035) lower
1495096,submission30 edit,2026-07-18 14:58:28,blend_best_crossg3_season_affine1165m300_skip1_6_12.csv,0.6329965062,0.8691989122,0.3967941001,Rejected seasonal group-3 affine; -0.0087506565 score vs 1494670 with implied group-3 score delta -0.0262519695 and both components sharply lower
1501460,submission31 edit,2026-07-25 18:55:09,blend_best_kma_um_power_curve_gate.csv,0.6422368394,0.8752221359,0.4092515428,New public best; +0.0004896767 vs submission27 driven by FICR +0.0012305746 despite 1-NMAE -0.0002512213
1501461,submission32 edit,2026-07-25 18:55:52,blend_incumbent_basev2_curtailment_w15_20260725.csv,0.6404014430,0.8747060654,0.4060968206,Rejected broad blend; -0.0018353964 vs new KMA best and -0.0013457197 vs submission27 with both components lower
1501476,submission33 edit,2026-07-25 19:20:13,kma_incumbent_basev2_local_overlay_20260725.csv,0.6430629531,0.8753113573,0.4108145490,New public best; +0.0008261137 vs submission31 with 1-NMAE +0.0000892214 and FICR +0.0015630062
1501483,submission34 edit,2026-07-25 19:31:50,kma_group2_overlay_alpha20_20260725.csv,0.6435929652,0.8753346966,0.4118512339,New public best; +0.0005300121 vs submission33 with 1-NMAE +0.0000233393 and FICR +0.0010366849
1501487,submission35 edit,2026-07-25 19:38:40,kma_group2_overlay_alpha2375_20260725.csv,0.6440998116,0.8753288499,0.4128707733,New public best; +0.0005068464 vs submission34 driven by FICR +0.0010195394 with only -0.0000058467 1-NMAE
1501731,submission36 edit,2026-07-26 00:18:05,kma_group2_alpha2375_up_supplement_20260725.csv,0.6439398345,0.8753168799,0.4125627891,Rejected sparse non-core group-2 supplement; -0.0001599771 vs submission35 with 1-NMAE -0.0000119700 and FICR -0.0003079842; keep submission35 selected and close same-direction group-2 expansion
1501926,submission37 edit,2026-07-26 09:15:23,kma_jma_pooled_all3_g1_umkr_hybrid_g3_strict_20260726.csv,0.6450069210,0.8754603805,0.4145534615,New public best; +0.0009071094 vs submission35 with 1-NMAE +0.0001315306 and FICR +0.0016826882; pooled group 1 plus strict UMKR group 3 transfer validated jointly
1501927,submission38 edit,2026-07-26 09:16:01,kma_jma_pooled_all3_g1g2_nearstable_20260726.csv,0.6458227359,0.8758052670,0.4158402047,New public best; +0.0008158149 vs submission37 with 1-NMAE +0.0003448865 and FICR +0.0012867432; comparison jointly changes group 2 to pooled and group 3 back to incumbent
1501928,submission39 edit,2026-07-26 09:16:42,kma_jma_pooled_all3_g1_residual125_g2near_umkrg3_20260726.csv,0.6457889498,0.8756700069,0.4159078927,Near-tie below submission38 by -0.0000337861; 1-NMAE -0.0001352601 and FICR +0.0000676880; bridge submission is required to isolate residual group 1 and UMKR group 3 effects
1501938,submission40 edit,2026-07-26 10:14:54,kma_jma_pooled_all3_g1g2_umkr_hybrid_g3_nearstable_20260726.csv,0.6454865943,0.8756910263,0.4152821622,Factorial bridge; G1 residual effect +0.0003023555 from submission39 minus submission40; G2 pooled effect +0.0004796733 from submission40 minus submission37; G3 UMKR effect -0.0003361416 from submission40 minus submission38
1502437,submission41 edit,2026-07-27 00:00:11,public_factor_residual_g1_pooled_g2_incumbent_g3_20260726.csv,0.6461250914,0.8757842477,0.4164659352,Exact public-factor composition confirmed to displayed precision; +0.0003023555 vs submission38 with 1-NMAE -0.0000210193 and FICR +0.0006257305
1502447,submission42 edit,2026-07-27 00:01:17,public_factor_g1g2_kma_jma_gsm_g3_strict_20260726.csv,0.6449277253,0.8754187560,0.4144366947,Rejected isolated JMA GSM group-3 replacement; -0.0011973661 vs submission41 with 1-NMAE -0.0003654917 and FICR -0.0020292405 despite positive 2024 local validation
1503281,submission43 edit,2026-07-27 22:14:23,public_directional_ficr065_g1_probe_20260727.csv,0.6441230595,0.8738627757,0.4143833434,Rejected isolated directional G1 FiCR step; -0.0020020319 vs submission41 with 1-NMAE -0.0019214720 and FICR -0.0020825918; close aggressive G1 settlement calibration
1503282,submission44 edit,2026-07-27 22:15:11,public_directional_ficr065_g2g3_probe_20260727.csv,0.6451061773,0.8752080619,0.4150042926,Rejected directional G2/G3 FiCR step; -0.0010189141 vs submission41 with 1-NMAE -0.0005761858 and FICR -0.0014616426; exact target composition is 0.6431041454 and must not be submitted
1503349,submission45 edit,2026-07-27 23:21:03,public_probe_issue_tcn_expanding_g3_q65w05_20260727.csv,0.6454576156,0.8759443235,0.4149709077,Rejected isolated expanding-origin G3 trajectory TCN; -0.0006674758 vs submission41 despite 1-NMAE +0.0001600758 because FICR fell -0.0014950275; close the G3 trajectory TCN family without public retuning
1504352,submission46 edit,2026-07-28 22:43:35,jma_msm_g3_plateau_mean_w040625_20260728.csv,0.6455966798,0.8757843690,0.4154089906,Rejected isolated JMA MSM plateau group-3 replacement; -0.0005284116 vs submission41 with effectively unchanged 1-NMAE (+0.0000001213) because FICR fell -0.0010569446; close JMA external-weather group-3 postprocessing
1504383,submission47 edit,2026-07-28 23:13:03,group12_difference_reconciliation_unanimous_w10_20260728.csv,0.6456906139,0.8758649682,0.4155162596,Rejected isolated zero-sum G1/G2 reconciliation; -0.0004344775 vs submission41 despite 1-NMAE +0.0000807205 because FICR fell -0.0009496756; implied affected-group mean score -0.0006517163 nearly mirrors local +0.0006538534; close broad G1/G2 differential postprocessing
1508186,submission48 edit,2026-08-02 01:04:19,probe_kma_umrg_full2022_g3_only_20260802.csv,0.6454933612,0.8755129049,0.4154738175,Rejected isolated multiyear KMA UMRG group-3 probe; -0.0006317302 vs submission41 with 1-NMAE -0.0002713428 and FICR -0.0009921177 despite positive 2024 local validation and strict subset stress; close all external-weather and trajectory group-3 replacements
1508365,submission49 edit,2026-08-02 10:33:37,public_positive_g1w1375_g2w095_g3frozen_20260802.csv,0.6470679857,0.8759467997,0.4181891717,New public best; +0.0009428943 vs submission41 with 1-NMAE +0.0001625520 and FICR +0.0017232365; publicly positive G1 residual and G2 pooled factor expansion validated jointly
1508378,submission50 edit,2026-08-02 11:22:38,public_positive_g1w1375_g2w1825_g3x125_20260802.csv,0.6474693752,0.8759267969,0.4190119536,New public best; +0.0004013895 vs submission49 with 1-NMAE -0.0000200028 and FICR +0.0008227819; joint G2 dose and G3 public-positive expansion confirmed directionally but transferred at about 19% of OOF score/FICR response
1508386,submission51 edit,2026-08-02 11:34:24,public_positive_g1w1375_g2w1825_g3frozen_20260802.csv,0.6474704399,0.8761125755,0.4188283043,New public best by +0.0000010647 vs submission50; exact factorial decomposition gives G2 dose +0.0004024542 score +0.0001657758 1-NMAE +0.0006391326 FICR vs submission49 while G3 x1.25 contributes -0.0000010647 score -0.0001857786 1-NMAE +0.0001836493 FICR; freeze G3 and continue only G2
1511408,submission52 edit,2026-08-05 03:46:04,safe_cv_best.csv,0.6345216694,0.8679554758,0.4010878631,Rejected S066 safe full replacement; -0.0129487705 vs submission51 with 1-NMAE -0.0081570997 and FICR -0.0177404412; do not submit the Bayes or diverse derivatives before a new year-forward calibration audit
