season,mapping,l1_share_error
2019,"1=Left,2=Right",0.021830069625500936
2019,"1=Right,2=Left",0.943793062384954
2020,"1=Left,2=Right",0.021482541916384046
2020,"1=Right,2=Left",1.0920958133421919
2021,"1=Left,2=Right",0.014121663012617441
2021,"1=Right,2=Left",1.0126865996306513
2022,"1=Left,2=Right",0.004608387208703102
2022,"1=Right,2=Left",0.9989835084345389
2023,"1=Left,2=Right",0.04605340708165212
2023,"1=Right,2=Left",0.9200906741623975
2024,"1=Left,2=Right",0.0552042262912919
2024,"1=Right,2=Left",0.9218232940093432
