first_origin,second_origin,confidence,n_links,stable_rate
2020,2021,high,137,0.5912408759124088
2020,2021,medium,68,0.4117647058823529
2020,2021,low,25,0.28
2020,2021,all,230,0.5043478260869565
2021,2022,high,125,0.864
2021,2022,medium,138,0.5652173913043478
2021,2022,low,77,0.4805194805194805
2021,2022,all,340,0.6558823529411765
2022,2023,high,126,0.8253968253968254
2022,2023,medium,170,0.6
2022,2023,low,101,0.5544554455445545
2022,2023,all,397,0.6599496221662469
2023,2024,high,113,0.9469026548672567
2023,2024,medium,159,0.6981132075471698
2023,2024,low,142,0.6056338028169014
2023,2024,all,414,0.7342995169082126
2024,2025,high,115,0.9565217391304348
2024,2025,medium,158,0.7974683544303798
2024,2025,low,173,0.6994219653179191
2024,2025,all,446,0.8004484304932735
