shift,n_matches,p05_distance,median_distance,high_rate,real_median_distance,real_high_rate,real_better_than_placebo
1,4512,1.395128106650272,1.8964520950624113,0.07380319148936171,1.9261443743603022,0.0681912681912682,False
2,4497,1.397279987143102,1.9024828823073459,0.07760729375138982,1.9261443743603022,0.0681912681912682,False
3,4531,1.400006984221841,1.8900586307985259,0.07768704480247186,1.9261443743603022,0.0681912681912682,False
4,4537,1.3996385178379118,1.8919217776389707,0.07692307692307693,1.9261443743603022,0.0681912681912682,False
5,4491,1.3917009830724867,1.8998142171381405,0.07704297483856602,1.9261443743603022,0.0681912681912682,False
6,4488,1.3905739385738798,1.8859131710967558,0.08221925133689839,1.9261443743603022,0.0681912681912682,False
7,4523,1.4035883430727514,1.889768748835222,0.07782445279681627,1.9261443743603022,0.0681912681912682,False
8,4539,1.4023603074442694,1.8896168809201177,0.08239700374531835,1.9261443743603022,0.0681912681912682,False
9,4512,1.3970037964572857,1.8717940241798594,0.08266843971631206,1.9261443743603022,0.0681912681912682,False
10,4585,1.4080746539145472,1.9063405535883724,0.07262813522355507,1.9261443743603022,0.0681912681912682,False
