group,value,model,n_rows,brier,delta_vs_v2_package_exact
game_type,F,v2_package_exact_legacy_2024,30010,0.2439707776847455,0.0
game_type,F,categorical_catboost_screen,30010,0.24831699372589514,0.004346216041149625
game_type,F,dynamic_logit_screen,30010,0.4075598482335865,0.16358907054884098
game_type,F,field_aware_fm_screen,30010,0.4526016461144202,0.2086308684296747
game_type,F,p0a_lgb_state_screen,30010,0.25037188980495834,0.006401112120212826
game_type,R,v2_package_exact_legacy_2024,223497,0.2465536731561485,0.0
game_type,R,categorical_catboost_screen,223497,0.24826794766142798,0.0017142745052794728
game_type,R,dynamic_logit_screen,223497,0.3351315949549599,0.08857792179881141
game_type,R,field_aware_fm_screen,223497,0.4477215202335581,0.2011678470774096
game_type,R,p0a_lgb_state_screen,223497,0.24911127676159678,0.0025576036054482665
count_state,0-0,v2_package_exact_legacy_2024,65317,0.24672383006189647,0.0
count_state,0-0,categorical_catboost_screen,65317,0.24846755434717285,0.001743724285276388
count_state,0-0,dynamic_logit_screen,65317,0.3420215594619504,0.09529772940005393
count_state,0-0,field_aware_fm_screen,65317,0.450438914522171,0.20371508446027453
count_state,0-0,p0a_lgb_state_screen,65317,0.24930019213199983,0.0025763620701033663
count_state,0-1,v2_package_exact_legacy_2024,31402,0.24706198854131586,0.0
count_state,0-1,categorical_catboost_screen,31402,0.24820703440024935,0.001145045858933491
count_state,0-1,dynamic_logit_screen,31402,0.3425189646167767,0.09545697607546086
count_state,0-1,field_aware_fm_screen,31402,0.4391571346718183,0.19209514613050246
count_state,0-1,p0a_lgb_state_screen,31402,0.2494480046030892,0.0023860160617733273
count_state,0-2,v2_package_exact_legacy_2024,16155,0.24722533080724787,0.0
count_state,0-2,categorical_catboost_screen,16155,0.24958818636297853,0.002362855555730653
count_state,0-2,dynamic_logit_screen,16155,0.34686261190250417,0.0996372810952563
count_state,0-2,field_aware_fm_screen,16155,0.456469897463732,0.20924456665648414
count_state,0-2,p0a_lgb_state_screen,16155,0.2504489070348625,0.0032235762276146274
count_state,1-0,v2_package_exact_legacy_2024,26438,0.24566498495420208,0.0
count_state,1-0,categorical_catboost_screen,26438,0.24794884014117555,0.002283855186973466
count_state,1-0,dynamic_logit_screen,26438,0.3407967655071051,0.095131780552903
count_state,1-0,field_aware_fm_screen,26438,0.44991389311524305,0.20424890816104097
count_state,1-0,p0a_lgb_state_screen,26438,0.249068622207794,0.0034036372535919124
count_state,1-1,v2_package_exact_legacy_2024,25313,0.24591816214623516,0.0
count_state,1-1,categorical_catboost_screen,25313,0.24788149158183906,0.0019633294356039
count_state,1-1,dynamic_logit_screen,25313,0.3413441429442761,0.09542598079804096
count_state,1-1,field_aware_fm_screen,25313,0.44943135747502405,0.2035131953287889
count_state,1-1,p0a_lgb_state_screen,25313,0.24867111215057824,0.0027529500043430855
count_state,1-2,v2_package_exact_legacy_2024,24399,0.24721980266722393,0.0
count_state,1-2,categorical_catboost_screen,24399,0.2490879117559472,0.0018681090887232576
count_state,1-2,dynamic_logit_screen,24399,0.3464306780295959,0.09921087536237194
count_state,1-2,field_aware_fm_screen,24399,0.4485529007133889,0.20133309804616495
count_state,1-2,p0a_lgb_state_screen,24399,0.24933204996299804,0.002112247295774111
count_state,2-0,v2_package_exact_legacy_2024,9392,0.24520142799833686,0.0
count_state,2-0,categorical_catboost_screen,9392,0.24836324006859387,0.0031618120702570085
count_state,2-0,dynamic_logit_screen,9392,0.34354101283652844,0.09833958483819158
count_state,2-0,field_aware_fm_screen,9392,0.451442689809209,0.20624126181087213
count_state,2-0,p0a_lgb_state_screen,9392,0.2492983716139555,0.004096943615618631
count_state,2-1,v2_package_exact_legacy_2024,13446,0.24467005786023593,0.0
count_state,2-1,categorical_catboost_screen,13446,0.2477992569438014,0.0031291990835654593
count_state,2-1,dynamic_logit_screen,13446,0.34529175950939894,0.10062170164916301
count_state,2-1,field_aware_fm_screen,13446,0.44249330895697864,0.1978232510967427
count_state,2-1,p0a_lgb_state_screen,13446,0.249061851490485,0.004391793630249052
count_state,2-2,v2_package_exact_legacy_2024,20640,0.24670619077767866,0.0
count_state,2-2,categorical_catboost_screen,20640,0.24849183488919432,0.0017856441115156607
count_state,2-2,dynamic_logit_screen,20640,0.3449598098099789,0.09825361903230026
count_state,2-2,field_aware_fm_screen,20640,0.44338415904491174,0.19667796826723308
count_state,2-2,p0a_lgb_state_screen,20640,0.2496773833166207,0.0029711925389420413
count_state,3-0,v2_package_exact_legacy_2024,3214,0.2440574054824663,0.0
count_state,3-0,categorical_catboost_screen,3214,0.24618924845854834,0.0021318429760820434
count_state,3-0,dynamic_logit_screen,3214,0.3564749953611449,0.11241758987867861
count_state,3-0,field_aware_fm_screen,3214,0.46930756938542445,0.22525016390295816
count_state,3-0,p0a_lgb_state_screen,3214,0.2481269185624303,0.0040695130799640045
count_state,3-1,v2_package_exact_legacy_2024,6020,0.24319195570799199,0.0
count_state,3-1,categorical_catboost_screen,6020,0.246190343915821,0.0029983882078290225
count_state,3-1,dynamic_logit_screen,6020,0.346588899738706,0.103396944030714
count_state,3-1,field_aware_fm_screen,6020,0.4474672275968912,0.20427527188889924
count_state,3-1,p0a_lgb_state_screen,6020,0.24802630967075995,0.004834353962767962
count_state,3-2,v2_package_exact_legacy_2024,11771,0.24409248137736442,0.0
count_state,3-2,categorical_catboost_screen,11771,0.24718097445892698,0.00308849308156256
count_state,3-2,dynamic_logit_screen,11771,0.349005278616283,0.10491279723891858
count_state,3-2,field_aware_fm_screen,11771,0.4504457695180481,0.20635328814068368
count_state,3-2,p0a_lgb_state_screen,11771,0.2488657052023363,0.0047732238249718895
pitcher_history_bucket,0,v2_package_exact_legacy_2024,81,0.24148068102168815,0.0
pitcher_history_bucket,0,categorical_catboost_screen,81,0.25494802369724884,0.013467342675560684
pitcher_history_bucket,0,dynamic_logit_screen,81,0.5916908892386027,0.3502102082169145
pitcher_history_bucket,0,field_aware_fm_screen,81,0.4111716442483233,0.16969096322663516
pitcher_history_bucket,0,p0a_lgb_state_screen,81,0.2465093343367383,0.005028653315050147
pitcher_history_bucket,1-29,v2_package_exact_legacy_2024,2318,0.2428553605972341,0.0
pitcher_history_bucket,1-29,categorical_catboost_screen,2318,0.2475719903702957,0.004716629773061615
pitcher_history_bucket,1-29,dynamic_logit_screen,2318,0.38135660980321956,0.13850124920598547
pitcher_history_bucket,1-29,field_aware_fm_screen,2318,0.4625083970489471,0.219653036451713
pitcher_history_bucket,1-29,p0a_lgb_state_screen,2318,0.250074840937767,0.007219480340532908
pitcher_history_bucket,30-199,v2_package_exact_legacy_2024,12153,0.24410365518811064,0.0
pitcher_history_bucket,30-199,categorical_catboost_screen,12153,0.24804129754432755,0.003937642356216908
pitcher_history_bucket,30-199,dynamic_logit_screen,12153,0.3706445579749569,0.12654090278684624
pitcher_history_bucket,30-199,field_aware_fm_screen,12153,0.4526636398302603,0.20855998464214967
pitcher_history_bucket,30-199,p0a_lgb_state_screen,12153,0.24985894220261573,0.005755287014505089
pitcher_history_bucket,200+,v2_package_exact_legacy_2024,238955,0.24639149189249313,0.0
pitcher_history_bucket,200+,categorical_catboost_screen,238955,0.24829012126779623,0.001898629375303107
pitcher_history_bucket,200+,dynamic_logit_screen,238955,0.34188622220299536,0.09549473031050223
pitcher_history_bucket,200+,field_aware_fm_screen,238955,0.4479520052944388,0.20156051340194567
pitcher_history_bucket,200+,p0a_lgb_state_screen,238955,0.24922310465765507,0.002831612765161945
pitcher_known,known,v2_package_exact_legacy_2024,253426,0.24624943530867463,0.0
pitcher_known,known,categorical_catboost_screen,253426,0.24827162047414553,0.0020221851654708967
pitcher_known,known,dynamic_logit_screen,253426,0.3436263452096876,0.09737690990101297
pitcher_known,known,field_aware_fm_screen,253426,0.4483110931962355,0.2020616578875609
pitcher_known,known,p0a_lgb_state_screen,253426,0.24926138667442216,0.0030119513657475283
pitcher_known,unknown,v2_package_exact_legacy_2024,81,0.24148068102168815,0.0
pitcher_known,unknown,categorical_catboost_screen,81,0.25494802369724884,0.013467342675560684
pitcher_known,unknown,dynamic_logit_screen,81,0.5916908892386027,0.3502102082169145
pitcher_known,unknown,field_aware_fm_screen,81,0.4111716442483233,0.16969096322663516
pitcher_known,unknown,p0a_lgb_state_screen,81,0.2465093343367383,0.005028653315050147
