season,pitch_type_group,rows,row_fraction
2019,breaking,66124,0.2583402680919061
2019,fastball,147640,0.5768156370015276
2019,offspeed,37062,0.1447977589985818
2019,other,5131,0.020046335907984544
2020,breaking,71353,0.2556300738734478
2020,fastball,161244,0.5776745985683884
2020,offspeed,41436,0.14844908750886696
2020,other,5093,0.018246240049296734
2021,breaking,77686,0.2580655877116054
2021,fastball,172960,0.5745568577426985
2021,offspeed,44735,0.1486054638709506
2021,other,5651,0.018772090674745542
2022,breaking,91330,0.2968758634364527
2022,fastball,146843,0.47732554926748083
2022,offspeed,66499,0.21616060486872515
2022,other,2965,0.009637982427341315
2023,breaking,97815,0.3104252618216439
2023,fastball,146088,0.46362424627102505
2023,offspeed,69628,0.22097112027927643
2023,other,1569,0.0049793716280545856
2024,breaking,108543,0.324759294609037
2024,fastball,156345,0.4677822790566862
2024,offspeed,67449,0.20180656202689198
2024,other,1889,0.005651864307384824
