season,pitch_type_group,rows,target_rate
2019,breaking,49453,0.5099993933633955
2019,fastball,109451,0.588281514102201
2019,offspeed,29310,0.5310474240873422
2019,other,3698,0.5205516495402921
2020,breaking,53921,0.4928135605793661
2020,fastball,118650,0.550417193426043
2020,offspeed,32534,0.5095284932685805
2020,other,3698,0.4824229313142239
2021,breaking,53535,0.5014850098066685
2021,fastball,117151,0.5500763971284923
2021,offspeed,32760,0.5153540903540903
2021,other,3603,0.4851512628365251
2022,breaking,56311,0.4793557209071052
2022,fastball,92274,0.5270932223594945
2022,offspeed,38640,0.5167443064182194
2022,other,1515,0.5254125412541254
2023,breaking,63672,0.4722169870586757
2023,fastball,96748,0.5176747839748626
2023,offspeed,43799,0.5054453298020503
2023,other,320,0.50625
2024,breaking,69454,0.456921127652835
2024,fastball,103202,0.5036530299800391
2024,offspeed,43324,0.49817653032960946
2024,other,575,0.5008695652173913
