first_season,second_season,feature,pitcher_pitchtype_pairs,correlation,mean_abs_change
2019,2020,rel_speed,750,0.8690343586091879,2.7890397991853244
2019,2020,spin_rate,750,0.8447294150656779,131.54138519401363
2019,2020,induced_vert_break,750,0.8442253928916383,7.210265120161335
2019,2020,horz_break,750,0.9093756766700527,6.419371998105305
2019,2020,extension,750,0.892792621042968,0.06299774625943172
2019,2020,rel_height,750,0.9740972394189784,0.04296347566984626
2019,2020,rel_side,750,0.9763748676141246,0.08536705002203909
2019,2020,zone_speed,750,0.8637186161828688,2.624948847635004
2020,2021,rel_speed,877,0.8762165764241572,2.7079280307302502
2020,2021,spin_rate,877,0.872893824656995,116.36323106546975
2020,2021,induced_vert_break,877,0.8992555439290707,6.073825249843613
2020,2021,horz_break,877,0.9124035742419722,5.9771105029722715
2020,2021,extension,877,0.8538025992817907,0.054364417692148476
2020,2021,rel_height,877,0.9720498840775387,0.040177059677498725
2020,2021,rel_side,877,0.9790701329339581,0.07701405336313977
2020,2021,zone_speed,877,0.8593500779056765,2.6413777974791355
2021,2022,rel_speed,727,0.7998395391822877,3.6441830938812116
2021,2022,spin_rate,727,0.8653093739290931,119.36840033575476
2021,2022,induced_vert_break,727,0.9135601513609304,5.914041383418388
2021,2022,horz_break,727,0.9519914338629628,5.033897132302645
2021,2022,extension,727,0.8286151442558799,0.15383188874952228
2021,2022,rel_height,727,0.9659072187239203,0.04482378338553173
2021,2022,rel_side,727,0.9768841723807943,0.0873218604431161
2021,2022,zone_speed,727,0.8049073072689713,3.283980104495107
2022,2023,rel_speed,727,0.9021858295938501,2.230485849629942
2022,2023,spin_rate,727,0.9164129209101382,89.27673343351874
2022,2023,induced_vert_break,727,0.9432584654385694,4.979688906671461
2022,2023,horz_break,727,0.97224810115402,4.048224542486648
2022,2023,extension,727,0.8718261756117298,0.0513825212802322
2022,2023,rel_height,727,0.9701053347492482,0.036904866792321384
2022,2023,rel_side,727,0.9794869408781767,0.07845000427520576
2022,2023,zone_speed,727,0.8928415355479868,2.214419554150808
2023,2024,rel_speed,756,0.9080613759136489,2.186744129397494
2023,2024,spin_rate,756,0.9115632705144924,98.50932607266836
2023,2024,induced_vert_break,756,0.9349466662455262,5.214023257257436
2023,2024,horz_break,756,0.9653609197207188,4.47513796333511
2023,2024,extension,756,0.8728163634905081,0.054531997212356395
2023,2024,rel_height,756,0.9714749879877849,0.038184429851242714
2023,2024,rel_side,756,0.9755981928559954,0.08369846889090858
2023,2024,zone_speed,756,0.897044964646826,2.068977989804019
