season,feature,rows,raw_target_correlation,within_pitcher_pitchtype_correlation
2019,rel_speed,191410,0.05324144522979812,0.023484926999805308
2019,spin_rate,190073,0.009467688292656963,-0.006492101119757511
2019,induced_vert_break,191410,0.08354851107488379,0.036558150968264605
2019,horz_break,191341,0.011402059098509087,0.0006665818654037757
2019,extension,191410,0.028959339942166793,-0.0006971208069153854
2019,rel_height,191410,-0.0006957040367298761,-0.001267581288254044
2019,rel_side,191410,0.019769125951608256,0.01016027668530701
2019,zone_speed,191410,0.04993879965000856,0.02206220904080383
2020,rel_speed,208359,0.04624683515717947,0.022272680721681995
2020,spin_rate,206907,0.006589265194731496,0.002031664672563774
2020,induced_vert_break,208359,0.05473320908294725,0.017348486662608312
2020,horz_break,208296,0.018744939088730858,0.004871115311859909
2020,extension,208359,0.02225680211965007,0.013797174307016869
2020,rel_height,208359,-0.004651277642833537,-0.004171950553026635
2020,rel_side,208359,0.0050707193275393,-0.0010474932372796614
2020,zone_speed,208359,0.0446032607869194,0.021811086563053368
2021,rel_speed,206501,0.029570447906061302,0.021913876688651343
2021,spin_rate,205554,0.005625699194171207,0.004406196385944566
2021,induced_vert_break,206501,0.04850534664069222,0.025093323008353367
2021,horz_break,206436,0.004067667366585358,-0.002116716546514945
2021,extension,206501,-0.0008041867895492534,0.00035974470746776883
2021,rel_height,206501,-0.013286660464433012,0.006477619815836257
2021,rel_side,206501,-0.0003966319728897856,-0.0022903964828053128
2021,zone_speed,206501,0.027875856381898743,0.023921180798151156
2022,rel_speed,188495,0.03858540913198196,0.033498499201220465
2022,spin_rate,188491,-0.015290130521739987,-0.0037700087148504376
2022,induced_vert_break,187233,0.054695447970915974,0.03380816194564683
2022,horz_break,187233,0.00998087780971939,0.009435660772677585
2022,extension,188472,0.016560659426101704,0.009938253630930633
2022,rel_height,188495,0.002271577749542302,0.005885232914016505
2022,rel_side,188494,0.012167784320623076,0.012511311983709068
2022,zone_speed,188495,0.036113179256825674,0.03089450625075945
2023,rel_speed,204349,0.04002067875087681,0.02970385362639731
2023,spin_rate,204347,-0.007204800794219985,0.0012649652672805521
2023,induced_vert_break,204237,0.04174613313215914,0.023123309610518714
2023,horz_break,204237,0.004459630670301898,0.002010276482372125
2023,extension,204326,0.013901028670359503,0.005134029585365461
2023,rel_height,204349,-0.006239795306017848,0.0016427706275970796
2023,rel_side,204349,0.014441205409942398,0.0010124421495707196
2023,zone_speed,204349,0.04006483451294909,0.03072691224700692
2024,rel_speed,216234,0.04200042258426291,0.029238623386620144
2024,spin_rate,216234,-0.011394711030855808,0.0017214204060786316
2024,induced_vert_break,216064,0.04281747108378537,0.024718415749355648
2024,horz_break,216064,0.0009799535899231158,-0.0010489855774962983
2024,extension,216210,0.025532466590863976,0.014790426453347697
2024,rel_height,216234,0.004857617353034665,0.002565442675064815
2024,rel_side,216234,0.001035694131874499,-0.006539338053051145
2024,zone_speed,216234,0.04195158303916838,0.02938918064961746
