experiment_id,hypothesis,family,exact_config,train_period,inner_period,outer_period,artifact_hashes,brier,score_equivalent,logloss,reliability,resolution,weighted_delta,worst_fold_delta,seed_variance,cluster_bootstrap_ci,subgroup_worst_case,inference_seconds,peak_rss_mb,model_size_mb,zip_size_mb,gate_result,termination_reason
P0A_asof_state,Cumulative asof statistics recover season exposure and improve recent-vs-career separation,state,"{""source"": ""asof_*"", ""target_free"": true}",2019-2023,previous-season rolling folds,2021-2024,"{""parent_v2"": ""FE368AF109EF0BB8103D728F45794A6192599B691BF08DF02A22F31BD2D438A7""}",,,,,,,,,,,,,,,PREREGISTERED,pending strict OOF
P0B_structural_alignment,Legal game/count structure can narrow main-Trackman identity candidates,alignment,"{""distance"": ""calendar+state+length"", ""placebo_repeats"": 20}",2019-2023,previous-season rolling folds,2021-2024,"{""parent_v2"": ""FE368AF109EF0BB8103D728F45794A6192599B691BF08DF02A22F31BD2D438A7""}",,,,,,,,,,,,,,,PREREGISTERED,pending strict OOF
F1_fm_pilot_01,Low-rank pitcher/batter/team x context interactions improve resolution,FM,"{""dropout"": 0.1, ""emb_dim"": 8, ""features"": ""P0A+context""}",2019-2023,previous-season rolling folds,2021-2024,"{""parent_v2"": ""FE368AF109EF0BB8103D728F45794A6192599B691BF08DF02A22F31BD2D438A7""}",,,,,,,,,,,,,,,PREREGISTERED,pending strict OOF
F1_fm_pilot_02,Higher embedding capacity shares rare interactions,FM,"{""dropout"": 0.1, ""emb_dim"": 16, ""features"": ""P0A+context""}",2019-2023,previous-season rolling folds,2021-2024,"{""parent_v2"": ""FE368AF109EF0BB8103D728F45794A6192599B691BF08DF02A22F31BD2D438A7""}",,,,,,,,,,,,,,,PREREGISTERED,pending strict OOF
F1_fm_pilot_03,Small DCNv2 branch adds higher-order cross signal,DeepFM/DCNv2,"{""cross_layers"": 2, ""emb_dim"": 16, ""features"": ""P0A+context""}",2019-2023,previous-season rolling folds,2021-2024,"{""parent_v2"": ""FE368AF109EF0BB8103D728F45794A6192599B691BF08DF02A22F31BD2D438A7""}",,,,,,,,,,,,,,,PREREGISTERED,pending strict OOF
F2_dynamic_logit_01,Joint partial pooling beats independent frequency backoff,dynamic_logit,"{""offset"": ""none"", ""random_effects"": ""pitcher,team,count_platoon""}",2019-2023,previous-season rolling folds,2021-2024,"{""parent_v2"": ""FE368AF109EF0BB8103D728F45794A6192599B691BF08DF02A22F31BD2D438A7""}",,,,,,,,,,,,,,,PREREGISTERED,pending strict OOF
F2_dynamic_logit_02,V2 offset stabilizes a dynamic multilevel residual,dynamic_logit,"{""offset"": ""v2_logit"", ""random_effects"": ""pitcher,team,count_platoon""}",2019-2023,previous-season rolling folds,2021-2024,"{""parent_v2"": ""FE368AF109EF0BB8103D728F45794A6192599B691BF08DF02A22F31BD2D438A7""}",,,,,,,,,,,,,,,PREREGISTERED,pending strict OOF
F2_dynamic_logit_03,Discounted recent state captures role/form drift,dynamic_logit,"{""discount_grid"": [0.8, 0.9, 0.97], ""offset"": ""v2_logit""}",2019-2023,previous-season rolling folds,2021-2024,"{""parent_v2"": ""FE368AF109EF0BB8103D728F45794A6192599B691BF08DF02A22F31BD2D438A7""}",,,,,,,,,,,,,,,PREREGISTERED,pending strict OOF
F3_catboost_01,Categorical-safe CatBoost is a fair challenger when outer iteration is fixed,CatBoost,"{""categorical"": ""IDs,hand,count,base,game_type"", ""depth"": 5, ""iterations"": 300, ""l2_leaf_reg"": 30, ""learning_rate"": 0.03}",2019-2023,previous-season rolling folds,2021-2024,"{""parent_v2"": ""FE368AF109EF0BB8103D728F45794A6192599B691BF08DF02A22F31BD2D438A7""}",,,,,,,,,,,,,,,PREREGISTERED,pending strict OOF
F4_realmlp_01,PLE + small entity embedding gives orthogonal nonlinear resolution,RealMLP,"{""blocks"": 3, ""metric"": ""brier"", ""seed"": 42, ""width"": 128}",2019-2023,previous-season rolling folds,2021-2024,"{""parent_v2"": ""FE368AF109EF0BB8103D728F45794A6192599B691BF08DF02A22F31BD2D438A7""}",,,,,,,,,,,,,,,PREREGISTERED,pending strict OOF
F4_tabm_01,Parameter-efficient MLP members improve probability average,TabM,"{""blocks"": 2, ""members"": 16, ""seed"": 42, ""width"": 128}",2019-2023,previous-season rolling folds,2021-2024,"{""parent_v2"": ""FE368AF109EF0BB8103D728F45794A6192599B691BF08DF02A22F31BD2D438A7""}",,,,,,,,,,,,,,,PREREGISTERED,pending strict OOF
F5_retrieval_01,Train-only constrained prototypes add local residual information,retrieval_residual,"{""max_neighbors"": 32, ""prototypes_per_bucket"": 32, ""reference"": ""train_only""}",2019-2023,previous-season rolling folds,2021-2024,"{""parent_v2"": ""FE368AF109EF0BB8103D728F45794A6192599B691BF08DF02A22F31BD2D438A7""}",,,,,,,,,,,,,,,PREREGISTERED,pending strict OOF
F6_horizon_01,Long/mid/short/cold experts adapt to history confidence,horizon_MoE,"{""experts"": [""long"", ""mid"", ""short"", ""cold""], ""gate"": ""previous_origin_OOF""}",2019-2023,previous-season rolling folds,2021-2024,"{""parent_v2"": ""FE368AF109EF0BB8103D728F45794A6192599B691BF08DF02A22F31BD2D438A7""}",,,,,,,,,,,,,,,PREREGISTERED,pending strict OOF
F7_teacher_01,Time-forward teacher soft labels can distill an orthogonal student,teacher_distill,"{""max_context_rows"": 100000, ""student"": ""small_GBDT"", ""teacher"": ""TabICLv2""}",2019-2023,previous-season rolling folds,2021-2024,"{""parent_v2"": ""FE368AF109EF0BB8103D728F45794A6192599B691BF08DF02A22F31BD2D438A7""}",,,,,,,,,,,,,,,PREREGISTERED,pending strict OOF
